date,total_cases,new_cases,new_cases_smoothed,total_deaths,new_deaths,new_deaths_smoothed,total_cases_per_million,new_cases_per_million,new_cases_smoothed_per_million,total_deaths_per_million,new_deaths_per_million,new_deaths_smoothed_per_million,reproduction_rate,icu_patients,icu_patients_per_million,hosp_patients,hosp_patients_per_million,weekly_icu_admissions,weekly_icu_admissions_per_million,weekly_hosp_admissions,weekly_hosp_admissions_per_million,new_tests,total_tests,total_tests_per_thousand,new_tests_per_thousand,new_tests_smoothed,new_tests_smoothed_per_thousand,positive_rate,tests_per_case,tests_units,stringency_index,population,population_density,median_age,aged_65_older,aged_70_older,gdp_per_capita,extreme_poverty,cardiovasc_death_rate,diabetes_prevalence,female_smokers,male_smokers,handwashing_facilities,hospital_beds_per_thousand,life_expectancy,human_development_index
2020-01-23,,0.0,,,0.0,,,0.0,,,0.0,,,,,,,,,,,,,,,,,,,,5.56,29136808.0,204.43,25.0,5.809,3.212,2442.804,15.0,260.797,7.26,9.5,37.8,47.782,0.3,70.78,0.574
2020-01-24,,0.0,,,0.0,,,0.0,,,0.0,,,,,,,,,,,,,,,,,,,,5.56,29136808.0,204.43,25.0,5.809,3.212,2442.804,15.0,260.797,7.26,9.5,37.8,47.782,0.3,70.78,0.574
2020-01-25,1.0,1.0,,,0.0,,0.034,0.034,,,0.0,,,,,,,,,,,,,,,,,,,,8.33,29136808.0,204.43,25.0,5.809,3.212,2442.804,15.0,260.797,7.26,9.5,37.8,47.782,0.3,70.78,0.574
2020-01-26,1.0,0.0,,,0.0,,0.034,0.0,,,0.0,,,,,,,,,,,,,,,,,,,,8.33,29136808.0,204.43,25.0,5.809,3.212,2442.804,15.0,260.797,7.26,9.5,37.8,47.782,0.3,70.78,0.574
2020-01-27,1.0,0.0,,,0.0,,0.034,0.0,,,0.0,,,,,,,,,,,,,,,,,,,,8.33,29136808.0,204.43,25.0,5.809,3.212,2442.804,15.0,260.797,7.26,9.5,37.8,47.782,0.3,70.78,0.574
2020-01-28,1.0,0.0,0.143,,0.0,0.0,0.034,0.0,0.005,,0.0,0.0,,,,,,,,,,,3.0,0.0,,,,,,tests performed,13.89,29136808.0,204.43,25.0,5.809,3.212,2442.804,15.0,260.797,7.26,9.5,37.8,47.782,0.3,70.78,0.574
2020-01-29,1.0,0.0,0.143,,0.0,0.0,0.034,0.0,0.005,,0.0,0.0,,,,,,,,,,1.0,4.0,0.0,0.0,,,,,tests performed,13.89,29136808.0,204.43,25.0,5.809,3.212,2442.804,15.0,260.797,7.26,9.5,37.8,47.782,0.3,70.78,0.574
2020-01-30,1.0,0.0,0.143,,0.0,0.0,0.034,0.0,0.005,,0.0,0.0,,,,,,,,,,1.0,5.0,0.0,0.0,,,,,tests performed,13.89,29136808.0,204.43,25.0,5.809,3.212,2442.804,15.0,260.797,7.26,9.5,37.8,47.782,0.3,70.78,0.574
2020-01-31,1.0,0.0,0.143,,0.0,0.0,0.034,0.0,0.005,,0.0,0.0,,,,,,,,,,,,,,,,,,tests performed,13.89,29136808.0,204.43,25.0,5.809,3.212,2442.804,15.0,260.797,7.26,9.5,37.8,47.782,0.3,70.78,0.574
2020-02-01,1.0,0.0,0.0,,0.0,0.0,0.034,0.0,0.0,,0.0,0.0,,,,,,,,,,,,,,,,,,tests performed,13.89,29136808.0,204.43,25.0,5.809,3.212,2442.804,15.0,260.797,7.26,9.5,37.8,47.782,0.3,70.78,0.574
2020-02-02,1.0,0.0,0.0,,0.0,0.0,0.034,0.0,0.0,,0.0,0.0,,,,,,,,,,,,,,,,,,tests performed,13.89,29136808.0,204.43,25.0,5.809,3.212,2442.804,15.0,260.797,7.26,9.5,37.8,47.782,0.3,70.78,0.574
2020-02-03,1.0,0.0,0.0,,0.0,0.0,0.034,0.0,0.0,,0.0,0.0,,,,,,,,,,,,,,,,,,tests performed,13.89,29136808.0,204.43,25.0,5.809,3.212,2442.804,15.0,260.797,7.26,9.5,37.8,47.782,0.3,70.78,0.574
2020-02-04,1.0,0.0,0.0,,0.0,0.0,0.034,0.0,0.0,,0.0,0.0,,,,,,,,,,,14.0,0.0,,2.0,0.0,0.0,,tests performed,16.67,29136808.0,204.43,25.0,5.809,3.212,2442.804,15.0,260.797,7.26,9.5,37.8,47.782,0.3,70.78,0.574
2020-02-05,1.0,0.0,0.0,,0.0,0.0,0.034,0.0,0.0,,0.0,0.0,,,,,,,,,,,,,,2.0,0.0,0.0,,tests performed,16.67,29136808.0,204.43,25.0,5.809,3.212,2442.804,15.0,260.797,7.26,9.5,37.8,47.782,0.3,70.78,0.574
2020-02-06,1.0,0.0,0.0,,0.0,0.0,0.034,0.0,0.0,,0.0,0.0,,,,,,,,,,,18.0,0.001,,2.0,0.0,0.0,,tests performed,16.67,29136808.0,204.43,25.0,5.809,3.212,2442.804,15.0,260.797,7.26,9.5,37.8,47.782,0.3,70.78,0.574
2020-02-07,1.0,0.0,0.0,,0.0,0.0,0.034,0.0,0.0,,0.0,0.0,,,,,,,,,,,,,,2.0,0.0,0.0,,tests performed,16.67,29136808.0,204.43,25.0,5.809,3.212,2442.804,15.0,260.797,7.26,9.5,37.8,47.782,0.3,70.78,0.574
2020-02-08,1.0,0.0,0.0,,0.0,0.0,0.034,0.0,0.0,,0.0,0.0,,,,,,,,,,,,,,1.0,0.0,0.0,,tests performed,16.67,29136808.0,204.43,25.0,5.809,3.212,2442.804,15.0,260.797,7.26,9.5,37.8,47.782,0.3,70.78,0.574
2020-02-09,1.0,0.0,0.0,,0.0,0.0,0.034,0.0,0.0,,0.0,0.0,,,,,,,,,,,,,,1.0,0.0,0.0,,tests performed,16.67,29136808.0,204.43,25.0,5.809,3.212,2442.804,15.0,260.797,7.26,9.5,37.8,47.782,0.3,70.78,0.574
2020-02-10,1.0,0.0,0.0,,0.0,0.0,0.034,0.0,0.0,,0.0,0.0,,,,,,,,,,,,,,1.0,0.0,0.0,,tests performed,16.67,29136808.0,204.43,25.0,5.809,3.212,2442.804,15.0,260.797,7.26,9.5,37.8,47.782,0.3,70.78,0.574
2020-02-11,1.0,0.0,0.0,,0.0,0.0,0.034,0.0,0.0,,0.0,0.0,,,,,,,,,,,,,,1.0,0.0,0.0,,tests performed,16.67,29136808.0,204.43,25.0,5.809,3.212,2442.804,15.0,260.797,7.26,9.5,37.8,47.782,0.3,70.78,0.574
2020-02-12,1.0,0.0,0.0,,0.0,0.0,0.034,0.0,0.0,,0.0,0.0,,,,,,,,,,,20.0,0.001,,1.0,0.0,0.0,,tests performed,16.67,29136808.0,204.43,25.0,5.809,3.212,2442.804,15.0,260.797,7.26,9.5,37.8,47.782,0.3,70.78,0.574
2020-02-13,1.0,0.0,0.0,,0.0,0.0,0.034,0.0,0.0,,0.0,0.0,,,,,,,,,,4.0,24.0,0.001,0.0,1.0,0.0,0.0,,tests performed,16.67,29136808.0,204.43,25.0,5.809,3.212,2442.804,15.0,260.797,7.26,9.5,37.8,47.782,0.3,70.78,0.574
2020-02-14,1.0,0.0,0.0,,0.0,0.0,0.034,0.0,0.0,,0.0,0.0,,,,,,,,,,,,,,1.0,0.0,0.0,,tests performed,16.67,29136808.0,204.43,25.0,5.809,3.212,2442.804,15.0,260.797,7.26,9.5,37.8,47.782,0.3,70.78,0.574
2020-02-15,1.0,0.0,0.0,,0.0,0.0,0.034,0.0,0.0,,0.0,0.0,,,,,,,,,,,,,,2.0,0.0,0.0,,tests performed,16.67,29136808.0,204.43,25.0,5.809,3.212,2442.804,15.0,260.797,7.26,9.5,37.8,47.782,0.3,70.78,0.574
2020-02-16,1.0,0.0,0.0,,0.0,0.0,0.034,0.0,0.0,,0.0,0.0,,,,,,,,,,,34.0,0.001,,2.0,0.0,0.0,,tests performed,16.67,29136808.0,204.43,25.0,5.809,3.212,2442.804,15.0,260.797,7.26,9.5,37.8,47.782,0.3,70.78,0.574
2020-02-17,1.0,0.0,0.0,,0.0,0.0,0.034,0.0,0.0,,0.0,0.0,,,,,,,,,,,,,,2.0,0.0,0.0,,tests performed,16.67,29136808.0,204.43,25.0,5.809,3.212,2442.804,15.0,260.797,7.26,9.5,37.8,47.782,0.3,70.78,0.574
2020-02-18,1.0,0.0,0.0,,0.0,0.0,0.034,0.0,0.0,,0.0,0.0,,,,,,,,,,,35.0,0.001,,2.0,0.0,0.0,,tests performed,16.67,29136808.0,204.43,25.0,5.809,3.212,2442.804,15.0,260.797,7.26,9.5,37.8,47.782,0.3,70.78,0.574
2020-02-19,1.0,0.0,0.0,,0.0,0.0,0.034,0.0,0.0,,0.0,0.0,,,,,,,,,,175.0,210.0,0.007,0.006,27.0,0.001,0.0,,tests performed,16.67,29136808.0,204.43,25.0,5.809,3.212,2442.804,15.0,260.797,7.26,9.5,37.8,47.782,0.3,70.78,0.574
2020-02-20,1.0,0.0,0.0,,0.0,0.0,0.034,0.0,0.0,,0.0,0.0,,,,,,,,,,2.0,212.0,0.007,0.0,27.0,0.001,0.0,,tests performed,16.67,29136808.0,204.43,25.0,5.809,3.212,2442.804,15.0,260.797,7.26,9.5,37.8,47.782,0.3,70.78,0.574
2020-02-21,1.0,0.0,0.0,,0.0,0.0,0.034,0.0,0.0,,0.0,0.0,,,,,,,,,,,,,,27.0,0.001,0.0,,tests performed,16.67,29136808.0,204.43,25.0,5.809,3.212,2442.804,15.0,260.797,7.26,9.5,37.8,47.782,0.3,70.78,0.574
2020-02-22,1.0,0.0,0.0,,0.0,0.0,0.034,0.0,0.0,,0.0,0.0,,,,,,,,,,,,,,26.0,0.001,0.0,,tests performed,16.67,29136808.0,204.43,25.0,5.809,3.212,2442.804,15.0,260.797,7.26,9.5,37.8,47.782,0.3,70.78,0.574
2020-02-23,1.0,0.0,0.0,,0.0,0.0,0.034,0.0,0.0,,0.0,0.0,,,,,,,,,,,216.0,0.007,,26.0,0.001,0.0,,tests performed,16.67,29136808.0,204.43,25.0,5.809,3.212,2442.804,15.0,260.797,7.26,9.5,37.8,47.782,0.3,70.78,0.574
2020-02-24,1.0,0.0,0.0,,0.0,0.0,0.034,0.0,0.0,,0.0,0.0,,,,,,,,,,1.0,217.0,0.007,0.0,26.0,0.001,0.0,,tests performed,16.67,29136808.0,204.43,25.0,5.809,3.212,2442.804,15.0,260.797,7.26,9.5,37.8,47.782,0.3,70.78,0.574
2020-02-25,1.0,0.0,0.0,,0.0,0.0,0.034,0.0,0.0,,0.0,0.0,,,,,,,,,,4.0,221.0,0.008,0.0,27.0,0.001,0.0,,tests performed,16.67,29136808.0,204.43,25.0,5.809,3.212,2442.804,15.0,260.797,7.26,9.5,37.8,47.782,0.3,70.78,0.574
2020-02-26,1.0,0.0,0.0,,0.0,0.0,0.034,0.0,0.0,,0.0,0.0,,,,,,,,,,1.0,222.0,0.008,0.0,2.0,0.0,0.0,,tests performed,16.67,29136808.0,204.43,25.0,5.809,3.212,2442.804,15.0,260.797,7.26,9.5,37.8,47.782,0.3,70.78,0.574
2020-02-27,1.0,0.0,0.0,,0.0,0.0,0.034,0.0,0.0,,0.0,0.0,,,,,,,,,,,,,,2.0,0.0,0.0,,tests performed,16.67,29136808.0,204.43,25.0,5.809,3.212,2442.804,15.0,260.797,7.26,9.5,37.8,47.782,0.3,70.78,0.574
2020-02-28,1.0,0.0,0.0,,0.0,0.0,0.034,0.0,0.0,,0.0,0.0,,,,,,,,,,,224.0,0.008,,2.0,0.0,0.0,,tests performed,16.67,29136808.0,204.43,25.0,5.809,3.212,2442.804,15.0,260.797,7.26,9.5,37.8,47.782,0.3,70.78,0.574
2020-02-29,1.0,0.0,0.0,,0.0,0.0,0.034,0.0,0.0,,0.0,0.0,,,,,,,,,,,,,,3.0,0.0,0.0,,tests performed,16.67,29136808.0,204.43,25.0,5.809,3.212,2442.804,15.0,260.797,7.26,9.5,37.8,47.782,0.3,70.78,0.574
2020-03-01,1.0,0.0,0.0,,0.0,0.0,0.034,0.0,0.0,,0.0,0.0,,,,,,,,,,,243.0,0.008,,4.0,0.0,0.0,,tests performed,22.22,29136808.0,204.43,25.0,5.809,3.212,2442.804,15.0,260.797,7.26,9.5,37.8,47.782,0.3,70.78,0.574
2020-03-02,1.0,0.0,0.0,,0.0,0.0,0.034,0.0,0.0,,0.0,0.0,,,,,,,,,,182.0,425.0,0.015,0.006,30.0,0.001,0.0,,tests performed,22.22,29136808.0,204.43,25.0,5.809,3.212,2442.804,15.0,260.797,7.26,9.5,37.8,47.782,0.3,70.78,0.574
2020-03-03,1.0,0.0,0.0,,0.0,0.0,0.034,0.0,0.0,,0.0,0.0,,,,,,,,,,8.0,433.0,0.015,0.0,30.0,0.001,0.0,,tests performed,22.22,29136808.0,204.43,25.0,5.809,3.212,2442.804,15.0,260.797,7.26,9.5,37.8,47.782,0.3,70.78,0.574
2020-03-04,1.0,0.0,0.0,,0.0,0.0,0.034,0.0,0.0,,0.0,0.0,,,,,,,,,,,,,,30.0,0.001,0.0,,tests performed,22.22,29136808.0,204.43,25.0,5.809,3.212,2442.804,15.0,260.797,7.26,9.5,37.8,47.782,0.3,70.78,0.574
2020-03-05,1.0,0.0,0.0,,0.0,0.0,0.034,0.0,0.0,,0.0,0.0,,,,,,,,,,,,,,30.0,0.001,0.0,,tests performed,22.22,29136808.0,204.43,25.0,5.809,3.212,2442.804,15.0,260.797,7.26,9.5,37.8,47.782,0.3,70.78,0.574
2020-03-06,1.0,0.0,0.0,,0.0,0.0,0.034,0.0,0.0,,0.0,0.0,,,,,,,,,,,437.0,0.015,,30.0,0.001,0.0,,tests performed,22.22,29136808.0,204.43,25.0,5.809,3.212,2442.804,15.0,260.797,7.26,9.5,37.8,47.782,0.3,70.78,0.574
2020-03-07,1.0,0.0,0.0,,0.0,0.0,0.034,0.0,0.0,,0.0,0.0,,,,,,,,,,,,,,29.0,0.001,0.0,,tests performed,22.22,29136808.0,204.43,25.0,5.809,3.212,2442.804,15.0,260.797,7.26,9.5,37.8,47.782,0.3,70.78,0.574
2020-03-08,1.0,0.0,0.0,,0.0,0.0,0.034,0.0,0.0,,0.0,0.0,,,,,,,,,,,,,,28.0,0.001,0.0,,tests performed,22.22,29136808.0,204.43,25.0,5.809,3.212,2442.804,15.0,260.797,7.26,9.5,37.8,47.782,0.3,70.78,0.574
2020-03-09,1.0,0.0,0.0,,0.0,0.0,0.034,0.0,0.0,,0.0,0.0,,,,,,,,,,,,,,3.0,0.0,0.0,,tests performed,22.22,29136808.0,204.43,25.0,5.809,3.212,2442.804,15.0,260.797,7.26,9.5,37.8,47.782,0.3,70.78,0.574
2020-03-10,1.0,0.0,0.0,,0.0,0.0,0.034,0.0,0.0,,0.0,0.0,,,,,,,,,,,445.0,0.015,,2.0,0.0,0.0,,tests performed,22.22,29136808.0,204.43,25.0,5.809,3.212,2442.804,15.0,260.797,7.26,9.5,37.8,47.782,0.3,70.78,0.574
2020-03-11,1.0,0.0,0.0,,0.0,0.0,0.034,0.0,0.0,,0.0,0.0,,,,,,,,,,2.0,447.0,0.015,0.0,2.0,0.0,0.0,,tests performed,22.22,29136808.0,204.43,25.0,5.809,3.212,2442.804,15.0,260.797,7.26,9.5,37.8,47.782,0.3,70.78,0.574
2020-03-12,1.0,0.0,0.0,,0.0,0.0,0.034,0.0,0.0,,0.0,0.0,,,,,,,,,,3.0,450.0,0.015,0.0,2.0,0.0,0.0,,tests performed,22.22,29136808.0,204.43,25.0,5.809,3.212,2442.804,15.0,260.797,7.26,9.5,37.8,47.782,0.3,70.78,0.574
2020-03-13,1.0,0.0,0.0,,0.0,0.0,0.034,0.0,0.0,,0.0,0.0,,,,,,,,,,6.0,456.0,0.016,0.0,3.0,0.0,0.0,,tests performed,22.22,29136808.0,204.43,25.0,5.809,3.212,2442.804,15.0,260.797,7.26,9.5,37.8,47.782,0.3,70.78,0.574
2020-03-14,1.0,0.0,0.0,,0.0,0.0,0.034,0.0,0.0,,0.0,0.0,,,,,,,,,,,,,,3.0,0.0,0.0,,tests performed,22.22,29136808.0,204.43,25.0,5.809,3.212,2442.804,15.0,260.797,7.26,9.5,37.8,47.782,0.3,70.78,0.574
2020-03-15,1.0,0.0,0.0,,0.0,0.0,0.034,0.0,0.0,,0.0,0.0,,,,,,,,,,,467.0,0.016,,4.0,0.0,0.0,,tests performed,22.22,29136808.0,204.43,25.0,5.809,3.212,2442.804,15.0,260.797,7.26,9.5,37.8,47.782,0.3,70.78,0.574
2020-03-16,1.0,0.0,0.0,,0.0,0.0,0.034,0.0,0.0,,0.0,0.0,,,,,,,,,,11.0,478.0,0.016,0.0,5.0,0.0,0.0,,tests performed,22.22,29136808.0,204.43,25.0,5.809,3.212,2442.804,15.0,260.797,7.26,9.5,37.8,47.782,0.3,70.78,0.574
2020-03-17,1.0,0.0,0.0,,0.0,0.0,0.034,0.0,0.0,,0.0,0.0,,,,,,,,,,18.0,496.0,0.017,0.001,7.0,0.0,0.0,,tests performed,22.22,29136808.0,204.43,25.0,5.809,3.212,2442.804,15.0,260.797,7.26,9.5,37.8,47.782,0.3,70.78,0.574
2020-03-18,1.0,0.0,0.0,,0.0,0.0,0.034,0.0,0.0,,0.0,0.0,,,,,,,,,,16.0,512.0,0.018,0.001,9.0,0.0,0.0,,tests performed,36.11,29136808.0,204.43,25.0,5.809,3.212,2442.804,15.0,260.797,7.26,9.5,37.8,47.782,0.3,70.78,0.574
2020-03-19,1.0,0.0,0.0,,0.0,0.0,0.034,0.0,0.0,,0.0,0.0,,,,,,,,,,17.0,529.0,0.018,0.001,11.0,0.0,0.0,,tests performed,47.22,29136808.0,204.43,25.0,5.809,3.212,2442.804,15.0,260.797,7.26,9.5,37.8,47.782,0.3,70.78,0.574
2020-03-20,1.0,0.0,0.0,,0.0,0.0,0.034,0.0,0.0,,0.0,0.0,,,,,,,,,,17.0,546.0,0.019,0.001,13.0,0.0,0.0,,tests performed,58.33,29136808.0,204.43,25.0,5.809,3.212,2442.804,15.0,260.797,7.26,9.5,37.8,47.782,0.3,70.78,0.574
2020-03-21,1.0,0.0,0.0,,0.0,0.0,0.034,0.0,0.0,,0.0,0.0,,,,,,,,,,,,,,14.0,0.0,0.0,,tests performed,58.33,29136808.0,204.43,25.0,5.809,3.212,2442.804,15.0,260.797,7.26,9.5,37.8,47.782,0.3,70.78,0.574
2020-03-22,1.0,0.0,0.0,,0.0,0.0,0.034,0.0,0.0,,0.0,0.0,,,,,,,,,,,572.0,0.02,,15.0,0.001,0.0,,tests performed,78.7,29136808.0,204.43,25.0,5.809,3.212,2442.804,15.0,260.797,7.26,9.5,37.8,47.782,0.3,70.78,0.574
2020-03-23,2.0,1.0,0.143,,0.0,0.0,0.069,0.034,0.005,,0.0,0.0,,,,,,,,,,37.0,609.0,0.021,0.001,19.0,0.001,0.008,132.9,tests performed,83.33,29136808.0,204.43,25.0,5.809,3.212,2442.804,15.0,260.797,7.26,9.5,37.8,47.782,0.3,70.78,0.574
2020-03-24,2.0,0.0,0.143,,0.0,0.0,0.069,0.0,0.005,,0.0,0.0,,,,,,,,,,1.0,610.0,0.021,0.0,16.0,0.001,0.009,111.9,tests performed,96.3,29136808.0,204.43,25.0,5.809,3.212,2442.804,15.0,260.797,7.26,9.5,37.8,47.782,0.3,70.78,0.574
2020-03-25,3.0,1.0,0.286,,0.0,0.0,0.103,0.034,0.01,,0.0,0.0,,,,,,,,,,77.0,687.0,0.024,0.003,25.0,0.001,0.011,87.4,tests performed,96.3,29136808.0,204.43,25.0,5.809,3.212,2442.804,15.0,260.797,7.26,9.5,37.8,47.782,0.3,70.78,0.574
2020-03-26,3.0,0.0,0.286,,0.0,0.0,0.103,0.0,0.01,,0.0,0.0,,,,,,,,,,71.0,758.0,0.026,0.002,33.0,0.001,0.009,115.4,tests performed,96.3,29136808.0,204.43,25.0,5.809,3.212,2442.804,15.0,260.797,7.26,9.5,37.8,47.782,0.3,70.78,0.574
2020-03-27,4.0,1.0,0.429,,0.0,0.0,0.137,0.034,0.015,,0.0,0.0,,,,,,,,,,44.0,802.0,0.028,0.002,37.0,0.001,0.012,86.2,tests performed,96.3,29136808.0,204.43,25.0,5.809,3.212,2442.804,15.0,260.797,7.26,9.5,37.8,47.782,0.3,70.78,0.574
2020-03-28,5.0,1.0,0.571,,0.0,0.0,0.172,0.034,0.02,,0.0,0.0,,,,,,,,,,73.0,875.0,0.03,0.003,45.0,0.002,0.013,78.8,tests performed,96.3,29136808.0,204.43,25.0,5.809,3.212,2442.804,15.0,260.797,7.26,9.5,37.8,47.782,0.3,70.78,0.574
2020-03-29,5.0,0.0,0.571,,0.0,0.0,0.172,0.0,0.02,,0.0,0.0,,,,,,,,,,42.0,917.0,0.031,0.001,49.0,0.002,0.012,85.8,tests performed,96.3,29136808.0,204.43,25.0,5.809,3.212,2442.804,15.0,260.797,7.26,9.5,37.8,47.782,0.3,70.78,0.574
2020-03-30,5.0,0.0,0.429,,0.0,0.0,0.172,0.0,0.015,,0.0,0.0,,,,,,,,,,76.0,993.0,0.034,0.003,55.0,0.002,0.008,128.2,tests performed,96.3,29136808.0,204.43,25.0,5.809,3.212,2442.804,15.0,260.797,7.26,9.5,37.8,47.782,0.3,70.78,0.574
2020-03-31,5.0,0.0,0.429,,0.0,0.0,0.172,0.0,0.015,,0.0,0.0,,,,,,,,,,67.0,1060.0,0.036,0.002,64.0,0.002,0.007,149.2,tests performed,96.3,29136808.0,204.43,25.0,5.809,3.212,2442.804,15.0,260.797,7.26,9.5,37.8,47.782,0.3,70.78,0.574
2020-04-01,5.0,0.0,0.286,,0.0,0.0,0.172,0.0,0.01,,0.0,0.0,,,,,,,,,,85.0,1145.0,0.039,0.003,65.0,0.002,0.004,227.3,tests performed,96.3,29136808.0,204.43,25.0,5.809,3.212,2442.804,15.0,260.797,7.26,9.5,37.8,47.782,0.3,70.78,0.574
2020-04-02,6.0,1.0,0.429,,0.0,0.0,0.206,0.034,0.015,,0.0,0.0,,,,,,,,,,40.0,1185.0,0.041,0.001,61.0,0.002,0.007,142.2,tests performed,96.3,29136808.0,204.43,25.0,5.809,3.212,2442.804,15.0,260.797,7.26,9.5,37.8,47.782,0.3,70.78,0.574
2020-04-03,6.0,0.0,0.286,,0.0,0.0,0.206,0.0,0.01,,0.0,0.0,,,,,,,,,,123.0,1308.0,0.045,0.004,72.0,0.002,0.004,251.7,tests performed,96.3,29136808.0,204.43,25.0,5.809,3.212,2442.804,15.0,260.797,7.26,9.5,37.8,47.782,0.3,70.78,0.574
2020-04-04,9.0,3.0,0.571,,0.0,0.0,0.309,0.103,0.02,,0.0,0.0,,,,,,,,,,213.0,1521.0,0.052,0.007,92.0,0.003,0.006,161.1,tests performed,96.3,29136808.0,204.43,25.0,5.809,3.212,2442.804,15.0,260.797,7.26,9.5,37.8,47.782,0.3,70.78,0.574
2020-04-05,9.0,0.0,0.571,,0.0,0.0,0.309,0.0,0.02,,0.0,0.0,,,,,,,,,,121.0,1642.0,0.056,0.004,104.0,0.004,0.005,182.1,tests performed,96.3,29136808.0,204.43,25.0,5.809,3.212,2442.804,15.0,260.797,7.26,9.5,37.8,47.782,0.3,70.78,0.574
2020-04-06,9.0,0.0,0.571,,0.0,0.0,0.309,0.0,0.02,,0.0,0.0,,,,,,,,,,248.0,1890.0,0.065,0.009,128.0,0.004,0.004,224.2,tests performed,96.3,29136808.0,204.43,25.0,5.809,3.212,2442.804,15.0,260.797,7.26,9.5,37.8,47.782,0.3,70.78,0.574
2020-04-07,9.0,0.0,0.571,,0.0,0.0,0.309,0.0,0.02,,0.0,0.0,,,,,,,,,,232.0,2122.0,0.073,0.008,152.0,0.005,0.004,266.2,tests performed,96.3,29136808.0,204.43,25.0,5.809,3.212,2442.804,15.0,260.797,7.26,9.5,37.8,47.782,0.3,70.78,0.574
2020-04-08,9.0,0.0,0.571,,0.0,0.0,0.309,0.0,0.02,,0.0,0.0,,,,,,,,,,244.0,2366.0,0.081,0.008,174.0,0.006,0.003,304.7,tests performed,96.3,29136808.0,204.43,25.0,5.809,3.212,2442.804,15.0,260.797,7.26,9.5,37.8,47.782,0.3,70.78,0.574
2020-04-09,9.0,0.0,0.429,,0.0,0.0,0.309,0.0,0.015,,0.0,0.0,,,,,,,,,,529.0,2895.0,0.099,0.018,244.0,0.008,0.002,568.8,tests performed,96.3,29136808.0,204.43,25.0,5.809,3.212,2442.804,15.0,260.797,7.26,9.5,37.8,47.782,0.3,70.78,0.574
2020-04-10,9.0,0.0,0.429,,0.0,0.0,0.309,0.0,0.015,,0.0,0.0,,,,,,,,,,630.0,3525.0,0.121,0.022,317.0,0.011,0.001,738.9,tests performed,96.3,29136808.0,204.43,25.0,5.809,3.212,2442.804,15.0,260.797,7.26,9.5,37.8,47.782,0.3,70.78,0.574
2020-04-11,9.0,0.0,0.0,,0.0,0.0,0.309,0.0,0.0,,0.0,0.0,,,,,,,,,,901.0,4426.0,0.152,0.031,415.0,0.014,0.0,,tests performed,96.3,29136808.0,204.43,25.0,5.809,3.212,2442.804,15.0,260.797,7.26,9.5,37.8,47.782,0.3,70.78,0.574
2020-04-12,12.0,3.0,0.429,,0.0,0.0,0.412,0.103,0.015,,0.0,0.0,,,,,,,,,,758.0,5184.0,0.178,0.026,506.0,0.017,0.001,1179.5,tests performed,96.3,29136808.0,204.43,25.0,5.809,3.212,2442.804,15.0,260.797,7.26,9.5,37.8,47.782,0.3,70.78,0.574
2020-04-13,14.0,2.0,0.714,,0.0,0.0,0.48,0.069,0.025,,0.0,0.0,,,,,,,,,,507.0,5691.0,0.195,0.017,543.0,0.019,0.001,760.5,tests performed,96.3,29136808.0,204.43,25.0,5.809,3.212,2442.804,15.0,260.797,7.26,9.5,37.8,47.782,0.3,70.78,0.574
2020-04-14,16.0,2.0,1.0,,0.0,0.0,0.549,0.069,0.034,,0.0,0.0,,,,,,,,,,608.0,6299.0,0.216,0.021,597.0,0.02,0.002,597.0,tests performed,96.3,29136808.0,204.43,25.0,5.809,3.212,2442.804,15.0,260.797,7.26,9.5,37.8,47.782,0.3,70.78,0.574
2020-04-15,16.0,0.0,1.0,,0.0,0.0,0.549,0.0,0.034,,0.0,0.0,,,,,,,,,,572.0,6871.0,0.236,0.02,644.0,0.022,0.002,644.0,tests performed,96.3,29136808.0,204.43,25.0,5.809,3.212,2442.804,15.0,260.797,7.26,9.5,37.8,47.782,0.3,70.78,0.574
2020-04-16,16.0,0.0,1.0,,0.0,0.0,0.549,0.0,0.034,,0.0,0.0,,,,,,,,,,369.0,7240.0,0.248,0.013,621.0,0.021,0.002,621.0,tests performed,96.3,29136808.0,204.43,25.0,5.809,3.212,2442.804,15.0,260.797,7.26,9.5,37.8,47.782,0.3,70.78,0.574
2020-04-17,30.0,14.0,3.0,,0.0,0.0,1.03,0.48,0.103,,0.0,0.0,,,,,,,,,,218.0,7458.0,0.256,0.007,562.0,0.019,0.005,187.3,tests performed,96.3,29136808.0,204.43,25.0,5.809,3.212,2442.804,15.0,260.797,7.26,9.5,37.8,47.782,0.3,70.78,0.574
2020-04-18,31.0,1.0,3.143,,0.0,0.0,1.064,0.034,0.108,,0.0,0.0,,,,,,,,,,555.0,8013.0,0.275,0.019,512.0,0.018,0.006,162.9,tests performed,96.3,29136808.0,204.43,25.0,5.809,3.212,2442.804,15.0,260.797,7.26,9.5,37.8,47.782,0.3,70.78,0.574
2020-04-19,31.0,0.0,2.714,,0.0,0.0,1.064,0.0,0.093,,0.0,0.0,,,,,,,,,,68.0,8081.0,0.277,0.002,414.0,0.014,0.007,152.5,tests performed,96.3,29136808.0,204.43,25.0,5.809,3.212,2442.804,15.0,260.797,7.26,9.5,37.8,47.782,0.3,70.78,0.574
2020-04-20,31.0,0.0,2.429,,0.0,0.0,1.064,0.0,0.083,,0.0,0.0,,,,,,,,,,333.0,8414.0,0.289,0.011,389.0,0.013,0.006,160.1,tests performed,96.3,29136808.0,204.43,25.0,5.809,3.212,2442.804,15.0,260.797,7.26,9.5,37.8,47.782,0.3,70.78,0.574
2020-04-21,43.0,12.0,3.857,,0.0,0.0,1.476,0.412,0.132,,0.0,0.0,,,,,,,,,,349.0,8763.0,0.301,0.012,352.0,0.012,0.011,91.3,tests performed,96.3,29136808.0,204.43,25.0,5.809,3.212,2442.804,15.0,260.797,7.26,9.5,37.8,47.782,0.3,70.78,0.574
2020-04-22,45.0,2.0,4.143,,0.0,0.0,1.544,0.069,0.142,,0.0,0.0,,,,,,,,,,251.0,9014.0,0.309,0.009,306.0,0.011,0.014,73.9,tests performed,96.3,29136808.0,204.43,25.0,5.809,3.212,2442.804,15.0,260.797,7.26,9.5,37.8,47.782,0.3,70.78,0.574
2020-04-23,48.0,3.0,4.571,,0.0,0.0,1.647,0.103,0.157,,0.0,0.0,,,,,,,,,,186.0,9200.0,0.316,0.006,280.0,0.01,0.016,61.3,tests performed,96.3,29136808.0,204.43,25.0,5.809,3.212,2442.804,15.0,260.797,7.26,9.5,37.8,47.782,0.3,70.78,0.574
2020-04-24,49.0,1.0,2.714,,0.0,0.0,1.682,0.034,0.093,,0.0,0.0,,,,,,,,,,202.0,9402.0,0.323,0.007,278.0,0.01,0.01,102.4,tests performed,96.3,29136808.0,204.43,25.0,5.809,3.212,2442.804,15.0,260.797,7.26,9.5,37.8,47.782,0.3,70.78,0.574
2020-04-25,49.0,0.0,2.571,,0.0,0.0,1.682,0.0,0.088,,0.0,0.0,,,,,,,,,,264.0,9666.0,0.332,0.009,236.0,0.008,0.011,91.8,tests performed,96.3,29136808.0,204.43,25.0,5.809,3.212,2442.804,15.0,260.797,7.26,9.5,37.8,47.782,0.3,70.78,0.574
2020-04-26,52.0,3.0,3.0,,0.0,0.0,1.785,0.103,0.103,,0.0,0.0,,,,,,,,,,265.0,9931.0,0.341,0.009,264.0,0.009,0.011,88.0,tests performed,96.3,29136808.0,204.43,25.0,5.809,3.212,2442.804,15.0,260.797,7.26,9.5,37.8,47.782,0.3,70.78,0.574
2020-04-27,52.0,0.0,3.0,,0.0,0.0,1.785,0.0,0.103,,0.0,0.0,,,,,,,,,,540.0,10471.0,0.359,0.019,294.0,0.01,0.01,98.0,tests performed,96.3,29136808.0,204.43,25.0,5.809,3.212,2442.804,15.0,260.797,7.26,9.5,37.8,47.782,0.3,70.78,0.574
2020-04-28,54.0,2.0,1.571,,0.0,0.0,1.853,0.069,0.054,,0.0,0.0,,,,,,,,,,336.0,10807.0,0.371,0.012,292.0,0.01,0.005,185.9,tests performed,96.3,29136808.0,204.43,25.0,5.809,3.212,2442.804,15.0,260.797,7.26,9.5,37.8,47.782,0.3,70.78,0.574
2020-04-29,57.0,3.0,1.714,,0.0,0.0,1.956,0.103,0.059,,0.0,0.0,,,,,,,,,,717.0,11524.0,0.396,0.025,359.0,0.012,0.005,209.5,tests performed,96.3,29136808.0,204.43,25.0,5.809,3.212,2442.804,15.0,260.797,7.26,9.5,37.8,47.782,0.3,70.78,0.574
2020-04-30,57.0,0.0,1.286,,0.0,0.0,1.956,0.0,0.044,,0.0,0.0,,,,,,,,,,487.0,12011.0,0.412,0.017,402.0,0.014,0.003,312.6,tests performed,96.3,29136808.0,204.43,25.0,5.809,3.212,2442.804,15.0,260.797,7.26,9.5,37.8,47.782,0.3,70.78,0.574
2020-05-01,59.0,2.0,1.429,,0.0,0.0,2.025,0.069,0.049,,0.0,0.0,,,,,,,,,,566.0,12577.0,0.432,0.019,454.0,0.016,0.003,317.7,tests performed,96.3,29136808.0,204.43,25.0,5.809,3.212,2442.804,15.0,260.797,7.26,9.5,37.8,47.782,0.3,70.78,0.574
2020-05-02,59.0,0.0,1.429,,0.0,0.0,2.025,0.0,0.049,,0.0,0.0,,,,,,,,,,521.0,13098.0,0.45,0.018,490.0,0.017,0.003,342.9,tests performed,96.3,29136808.0,204.43,25.0,5.809,3.212,2442.804,15.0,260.797,7.26,9.5,37.8,47.782,0.3,70.78,0.574
2020-05-03,75.0,16.0,3.286,,0.0,0.0,2.574,0.549,0.113,,0.0,0.0,,,,,,,,,,326.0,13424.0,0.461,0.011,499.0,0.017,0.007,151.9,tests performed,96.3,29136808.0,204.43,25.0,5.809,3.212,2442.804,15.0,260.797,7.26,9.5,37.8,47.782,0.3,70.78,0.574
2020-05-04,75.0,0.0,3.286,,0.0,0.0,2.574,0.0,0.113,,0.0,0.0,,,,,,,,,,216.0,13640.0,0.468,0.007,453.0,0.016,0.007,137.9,tests performed,96.3,29136808.0,204.43,25.0,5.809,3.212,2442.804,15.0,260.797,7.26,9.5,37.8,47.782,0.3,70.78,0.574
2020-05-05,82.0,7.0,4.0,,0.0,0.0,2.814,0.24,0.137,,0.0,0.0,,,,,,,,,,210.0,13850.0,0.475,0.007,435.0,0.015,0.009,108.8,tests performed,96.3,29136808.0,204.43,25.0,5.809,3.212,2442.804,15.0,260.797,7.26,9.5,37.8,47.782,0.3,70.78,0.574
2020-05-06,99.0,17.0,6.0,,0.0,0.0,3.398,0.583,0.206,,0.0,0.0,,,,,,,,,,246.0,14096.0,0.484,0.008,367.0,0.013,0.016,61.2,tests performed,96.3,29136808.0,204.43,25.0,5.809,3.212,2442.804,15.0,260.797,7.26,9.5,37.8,47.782,0.3,70.78,0.574
2020-05-07,101.0,2.0,6.286,,0.0,0.0,3.466,0.069,0.216,,0.0,0.0,,,,,,,,,,415.0,14511.0,0.498,0.014,357.0,0.012,0.018,56.8,tests performed,92.59,29136808.0,204.43,25.0,5.809,3.212,2442.804,15.0,260.797,7.26,9.5,37.8,47.782,0.3,70.78,0.574
2020-05-08,102.0,1.0,6.143,,0.0,0.0,3.501,0.034,0.211,,0.0,0.0,1.61,,,,,,,,,981.0,15492.0,0.532,0.034,416.0,0.014,0.015,67.7,tests performed,92.59,29136808.0,204.43,25.0,5.809,3.212,2442.804,15.0,260.797,7.26,9.5,37.8,47.782,0.3,70.78,0.574
2020-05-09,110.0,8.0,7.286,,0.0,0.0,3.775,0.275,0.25,,0.0,0.0,1.65,,,,,,,,,817.0,16309.0,0.56,0.028,459.0,0.016,0.016,63.0,tests performed,92.59,29136808.0,204.43,25.0,5.809,3.212,2442.804,15.0,260.797,7.26,9.5,37.8,47.782,0.3,70.78,0.574
2020-05-10,110.0,0.0,5.0,,0.0,0.0,3.775,0.0,0.172,,0.0,0.0,1.7,,,,,,,,,589.0,16898.0,0.58,0.02,496.0,0.017,0.01,99.2,tests performed,92.59,29136808.0,204.43,25.0,5.809,3.212,2442.804,15.0,260.797,7.26,9.5,37.8,47.782,0.3,70.78,0.574
2020-05-11,134.0,24.0,8.429,,0.0,0.0,4.599,0.824,0.289,,0.0,0.0,1.8,,,,,,,,,911.0,17809.0,0.611,0.031,596.0,0.02,0.014,70.7,tests performed,92.59,29136808.0,204.43,25.0,5.809,3.212,2442.804,15.0,260.797,7.26,9.5,37.8,47.782,0.3,70.78,0.574
2020-05-12,217.0,83.0,19.286,,0.0,0.0,7.448,2.849,0.662,,0.0,0.0,1.88,,,,,,,,,1155.0,18964.0,0.651,0.04,731.0,0.025,0.026,37.9,tests performed,92.59,29136808.0,204.43,25.0,5.809,3.212,2442.804,15.0,260.797,7.26,9.5,37.8,47.782,0.3,70.78,0.574
2020-05-13,250.0,33.0,21.571,,0.0,0.0,8.58,1.133,0.74,,0.0,0.0,1.85,,,,,,,,,2376.0,21340.0,0.732,0.082,1035.0,0.036,0.021,48.0,tests performed,92.59,29136808.0,204.43,25.0,5.809,3.212,2442.804,15.0,260.797,7.26,9.5,37.8,47.782,0.3,70.78,0.574
2020-05-14,249.0,-1.0,21.143,,0.0,0.0,8.546,-0.034,0.726,,0.0,0.0,1.83,,,,,,,,,1324.0,22664.0,0.778,0.045,1165.0,0.04,0.018,55.1,tests performed,92.59,29136808.0,204.43,25.0,5.809,3.212,2442.804,15.0,260.797,7.26,9.5,37.8,47.782,0.3,70.78,0.574
2020-05-15,267.0,18.0,23.571,,0.0,0.0,9.164,0.618,0.809,,0.0,0.0,1.81,,,,,,,,,1250.0,23914.0,0.821,0.043,1203.0,0.041,0.02,51.0,tests performed,92.59,29136808.0,204.43,25.0,5.809,3.212,2442.804,15.0,260.797,7.26,9.5,37.8,47.782,0.3,70.78,0.574
2020-05-16,291.0,24.0,25.857,1.0,1.0,0.143,9.987,0.824,0.887,0.034,0.034,0.005,1.78,,,,,,,,,2777.0,26691.0,0.916,0.095,1483.0,0.051,0.017,57.4,tests performed,92.59,29136808.0,204.43,25.0,5.809,3.212,2442.804,15.0,260.797,7.26,9.5,37.8,47.782,0.3,70.78,0.574
2020-05-17,295.0,4.0,26.429,2.0,1.0,0.286,10.125,0.137,0.907,0.069,0.034,0.01,1.78,,,,,,,,,1470.0,28161.0,0.967,0.05,1609.0,0.055,0.016,60.9,tests performed,92.59,29136808.0,204.43,25.0,5.809,3.212,2442.804,15.0,260.797,7.26,9.5,37.8,47.782,0.3,70.78,0.574
2020-05-18,375.0,80.0,34.429,2.0,0.0,0.286,12.87,2.746,1.182,0.069,0.0,0.01,1.8,,,,,,,,,2563.0,30724.0,1.054,0.088,1845.0,0.063,0.019,53.6,tests performed,92.59,29136808.0,204.43,25.0,5.809,3.212,2442.804,15.0,260.797,7.26,9.5,37.8,47.782,0.3,70.78,0.574
2020-05-19,402.0,27.0,26.429,2.0,0.0,0.286,13.797,0.927,0.907,0.069,0.0,0.01,1.77,,,,,,,,,2282.0,33006.0,1.133,0.078,2006.0,0.069,0.013,75.9,tests performed,92.59,29136808.0,204.43,25.0,5.809,3.212,2442.804,15.0,260.797,7.26,9.5,37.8,47.782,0.3,70.78,0.574
2020-05-20,427.0,25.0,25.286,2.0,0.0,0.286,14.655,0.858,0.868,0.069,0.0,0.01,1.76,,,,,,,,,2488.0,35494.0,1.218,0.085,2022.0,0.069,0.013,80.0,tests performed,92.59,29136808.0,204.43,25.0,5.809,3.212,2442.804,15.0,260.797,7.26,9.5,37.8,47.782,0.3,70.78,0.574
2020-05-21,457.0,30.0,29.714,3.0,1.0,0.429,15.685,1.03,1.02,0.103,0.034,0.015,1.77,,,,,,,,,3243.0,38737.0,1.329,0.111,2296.0,0.079,0.013,77.3,tests performed,92.59,29136808.0,204.43,25.0,5.809,3.212,2442.804,15.0,260.797,7.26,9.5,37.8,47.782,0.3,70.78,0.574
2020-05-22,516.0,59.0,35.571,3.0,0.0,0.429,17.71,2.025,1.221,0.103,0.0,0.015,1.79,,,,,,,,,3780.0,42517.0,1.459,0.13,2658.0,0.091,0.013,74.7,tests performed,92.59,29136808.0,204.43,25.0,5.809,3.212,2442.804,15.0,260.797,7.26,9.5,37.8,47.782,0.3,70.78,0.574
2020-05-23,584.0,68.0,41.857,3.0,0.0,0.286,20.043,2.334,1.437,0.103,0.0,0.01,1.8,,,,,,,,,3442.0,45959.0,1.577,0.118,2753.0,0.094,0.015,65.8,tests performed,92.59,29136808.0,204.43,25.0,5.809,3.212,2442.804,15.0,260.797,7.26,9.5,37.8,47.782,0.3,70.78,0.574
2020-05-24,603.0,19.0,44.0,3.0,0.0,0.143,20.695,0.652,1.51,0.103,0.0,0.005,1.8,,,,,,,,,2856.0,48815.0,1.675,0.098,2951.0,0.101,0.015,67.1,tests performed,92.59,29136808.0,204.43,25.0,5.809,3.212,2442.804,15.0,260.797,7.26,9.5,37.8,47.782,0.3,70.78,0.574
2020-05-25,682.0,79.0,43.857,4.0,1.0,0.286,23.407,2.711,1.505,0.137,0.034,0.01,1.84,,,,,,,,,2827.0,51642.0,1.772,0.097,2988.0,0.103,0.015,68.1,tests performed,92.59,29136808.0,204.43,25.0,5.809,3.212,2442.804,15.0,260.797,7.26,9.5,37.8,47.782,0.3,70.78,0.574
2020-05-26,772.0,90.0,52.857,4.0,0.0,0.286,26.496,3.089,1.814,0.137,0.0,0.01,1.86,,,,,,,,,3055.0,54697.0,1.877,0.105,3099.0,0.106,0.017,58.6,tests performed,92.59,29136808.0,204.43,25.0,5.809,3.212,2442.804,15.0,260.797,7.26,9.5,37.8,47.782,0.3,70.78,0.574
2020-05-27,886.0,114.0,65.571,4.0,0.0,0.286,30.408,3.913,2.25,0.137,0.0,0.01,1.88,,,,,,,,,3580.0,58277.0,2.0,0.123,3255.0,0.112,0.02,49.6,tests performed,92.59,29136808.0,204.43,25.0,5.809,3.212,2442.804,15.0,260.797,7.26,9.5,37.8,47.782,0.3,70.78,0.574
2020-05-28,1042.0,156.0,83.571,5.0,1.0,0.286,35.762,5.354,2.868,0.172,0.034,0.01,1.88,,,,,,,,,2639.0,60916.0,2.091,0.091,3168.0,0.109,0.026,37.9,tests performed,92.59,29136808.0,204.43,25.0,5.809,3.212,2442.804,15.0,260.797,7.26,9.5,37.8,47.782,0.3,70.78,0.574
2020-05-29,1212.0,170.0,99.429,6.0,1.0,0.429,41.597,5.835,3.412,0.206,0.034,0.015,1.87,,,,,,,,,3238.0,64154.0,2.202,0.111,3091.0,0.106,0.032,31.1,tests performed,92.59,29136808.0,204.43,25.0,5.809,3.212,2442.804,15.0,260.797,7.26,9.5,37.8,47.782,0.3,70.78,0.574
2020-05-30,1401.0,189.0,116.714,6.0,0.0,0.429,48.084,6.487,4.006,0.206,0.0,0.015,1.85,,,,,,,,,2575.0,66729.0,2.29,0.088,2967.0,0.102,0.039,25.4,tests performed,92.59,29136808.0,204.43,25.0,5.809,3.212,2442.804,15.0,260.797,7.26,9.5,37.8,47.782,0.3,70.78,0.574
2020-05-31,1572.0,171.0,138.429,8.0,2.0,0.714,53.952,5.869,4.751,0.275,0.069,0.025,1.82,,,,,,,,,2858.0,69587.0,2.388,0.098,2967.0,0.102,0.047,21.4,tests performed,92.59,29136808.0,204.43,25.0,5.809,3.212,2442.804,15.0,260.797,7.26,9.5,37.8,47.782,0.3,70.78,0.574
2020-06-01,1811.0,239.0,161.286,8.0,0.0,0.571,62.155,8.203,5.535,0.275,0.0,0.02,1.79,,,,,,,,,2316.0,71903.0,2.468,0.079,2894.0,0.099,0.056,17.9,tests performed,92.59,29136808.0,204.43,25.0,5.809,3.212,2442.804,15.0,260.797,7.26,9.5,37.8,47.782,0.3,70.78,0.574
2020-06-02,2099.0,288.0,189.571,8.0,0.0,0.571,72.039,9.884,6.506,0.275,0.0,0.02,1.75,,,,,,,,,3440.0,75343.0,2.586,0.118,2949.0,0.101,0.064,15.6,tests performed,92.59,29136808.0,204.43,25.0,5.809,3.212,2442.804,15.0,260.797,7.26,9.5,37.8,47.782,0.3,70.78,0.574
2020-06-03,2300.0,201.0,202.0,9.0,1.0,0.714,78.938,6.898,6.933,0.309,0.034,0.025,1.71,,,,,,,,,4924.0,80267.0,2.755,0.169,3141.0,0.108,0.064,15.5,tests performed,92.59,29136808.0,204.43,25.0,5.809,3.212,2442.804,15.0,260.797,7.26,9.5,37.8,47.782,0.3,70.78,0.574
2020-06-04,2634.0,334.0,227.429,10.0,1.0,0.714,90.401,11.463,7.806,0.343,0.034,0.025,1.67,,,,,,,,,3867.0,84134.0,2.888,0.133,3317.0,0.114,0.069,14.6,tests performed,92.59,29136808.0,204.43,25.0,5.809,3.212,2442.804,15.0,260.797,7.26,9.5,37.8,47.782,0.3,70.78,0.574
2020-06-05,2912.0,278.0,242.857,11.0,1.0,0.714,99.942,9.541,8.335,0.378,0.034,0.025,1.63,,,,,,,,,4232.0,88366.0,3.033,0.145,3459.0,0.119,0.07,14.2,tests performed,92.59,29136808.0,204.43,25.0,5.809,3.212,2442.804,15.0,260.797,7.26,9.5,37.8,47.782,0.3,70.78,0.574
2020-06-06,3235.0,323.0,262.0,13.0,2.0,1.0,111.028,11.086,8.992,0.446,0.069,0.034,1.59,,,,,,,,,4111.0,92477.0,3.174,0.141,3678.0,0.126,0.071,14.0,tests performed,92.59,29136808.0,204.43,25.0,5.809,3.212,2442.804,15.0,260.797,7.26,9.5,37.8,47.782,0.3,70.78,0.574
2020-06-07,3448.0,213.0,268.0,13.0,0.0,0.714,118.338,7.31,9.198,0.446,0.0,0.025,1.54,,,,,,,,,3728.0,96205.0,3.302,0.128,3803.0,0.131,0.07,14.2,tests performed,92.59,29136808.0,204.43,25.0,5.809,3.212,2442.804,15.0,260.797,7.26,9.5,37.8,47.782,0.3,70.78,0.574
2020-06-08,3762.0,314.0,278.714,14.0,1.0,0.857,129.115,10.777,9.566,0.48,0.034,0.029,1.51,,,,,,,,,4766.0,100971.0,3.465,0.164,4153.0,0.143,0.067,14.9,tests performed,92.59,29136808.0,204.43,25.0,5.809,3.212,2442.804,15.0,260.797,7.26,9.5,37.8,47.782,0.3,70.78,0.574
2020-06-09,4086.0,324.0,283.857,15.0,1.0,1.0,140.235,11.12,9.742,0.515,0.034,0.034,1.48,,,,,,,,,5359.0,106330.0,3.649,0.184,4427.0,0.152,0.064,15.6,tests performed,92.59,29136808.0,204.43,25.0,5.809,3.212,2442.804,15.0,260.797,7.26,9.5,37.8,47.782,0.3,70.78,0.574
2020-06-10,4364.0,278.0,294.857,15.0,0.0,0.857,149.776,9.541,10.12,0.515,0.0,0.029,1.45,,,,,,,,,4414.0,110744.0,3.801,0.151,4354.0,0.149,0.068,14.8,tests performed,92.59,29136808.0,204.43,25.0,5.809,3.212,2442.804,15.0,260.797,7.26,9.5,37.8,47.782,0.3,70.78,0.574
2020-06-11,4614.0,250.0,282.857,15.0,0.0,0.714,158.356,8.58,9.708,0.515,0.0,0.025,1.43,,,,,,,,,5193.0,115937.0,3.979,0.178,4543.0,0.156,0.062,16.1,tests performed,92.59,29136808.0,204.43,25.0,5.809,3.212,2442.804,15.0,260.797,7.26,9.5,37.8,47.782,0.3,70.78,0.574
2020-06-12,5062.0,448.0,307.143,16.0,1.0,0.714,173.732,15.376,10.541,0.549,0.034,0.025,1.42,,,,,,,,,5925.0,121862.0,4.182,0.203,4785.0,0.164,0.064,15.6,tests performed,92.59,29136808.0,204.43,25.0,5.809,3.212,2442.804,15.0,260.797,7.26,9.5,37.8,47.782,0.3,70.78,0.574
2020-06-13,5335.0,273.0,300.0,18.0,2.0,0.714,183.102,9.37,10.296,0.618,0.069,0.025,1.4,,,,,,,,,5426.0,127288.0,4.369,0.186,4973.0,0.171,0.06,16.6,tests performed,92.59,29136808.0,204.43,25.0,5.809,3.212,2442.804,15.0,260.797,7.26,9.5,37.8,47.782,0.3,70.78,0.574
2020-06-14,5760.0,425.0,330.286,19.0,1.0,0.857,197.688,14.586,11.336,0.652,0.034,0.029,1.39,,,,,,,,,6089.0,133377.0,4.578,0.209,5310.0,0.182,0.062,16.1,tests performed,92.59,29136808.0,204.43,25.0,5.809,3.212,2442.804,15.0,260.797,7.26,9.5,37.8,47.782,0.3,70.78,0.574
2020-06-15,6211.0,451.0,349.857,19.0,0.0,0.714,213.167,15.479,12.007,0.652,0.0,0.025,1.37,,,,,,,,,5306.0,138683.0,4.76,0.182,5387.0,0.185,0.065,15.4,tests performed,92.59,29136808.0,204.43,25.0,5.809,3.212,2442.804,15.0,260.797,7.26,9.5,37.8,47.782,0.3,70.78,0.574
2020-06-16,6591.0,380.0,357.857,19.0,0.0,0.571,226.209,13.042,12.282,0.652,0.0,0.02,1.35,,,,,,,,,5055.0,143738.0,4.933,0.173,5344.0,0.183,0.067,14.9,tests performed,92.59,29136808.0,204.43,25.0,5.809,3.212,2442.804,15.0,260.797,7.26,9.5,37.8,47.782,0.3,70.78,0.574
2020-06-17,7177.0,586.0,401.857,20.0,1.0,0.714,246.321,20.112,13.792,0.686,0.034,0.025,1.33,,,,,,,,,6034.0,149772.0,5.14,0.207,5575.0,0.191,0.072,13.9,tests performed,92.59,29136808.0,204.43,25.0,5.809,3.212,2442.804,15.0,260.797,7.26,9.5,37.8,47.782,0.3,70.78,0.574
2020-06-18,7848.0,671.0,462.0,22.0,2.0,1.0,269.35,23.029,15.856,0.755,0.069,0.034,1.31,,,,,,,,,5746.0,155518.0,5.338,0.197,5654.0,0.194,0.082,12.2,tests performed,92.59,29136808.0,204.43,25.0,5.809,3.212,2442.804,15.0,260.797,7.26,9.5,37.8,47.782,0.3,70.78,0.574
2020-06-19,8274.0,426.0,458.857,22.0,0.0,0.857,283.971,14.621,15.748,0.755,0.0,0.029,1.27,,,,,,,,,6231.0,161749.0,5.551,0.214,5698.0,0.196,0.081,12.4,tests performed,92.59,29136808.0,204.43,25.0,5.809,3.212,2442.804,15.0,260.797,7.26,9.5,37.8,47.782,0.3,70.78,0.574
2020-06-20,8605.0,331.0,467.143,22.0,0.0,0.571,295.331,11.36,16.033,0.755,0.0,0.02,1.24,,,,,,,,,7416.0,169165.0,5.806,0.255,5982.0,0.205,0.078,12.8,tests performed,92.59,29136808.0,204.43,25.0,5.809,3.212,2442.804,15.0,260.797,7.26,9.5,37.8,47.782,0.3,70.78,0.574
2020-06-21,9026.0,421.0,466.571,23.0,1.0,0.571,309.78,14.449,16.013,0.789,0.034,0.02,1.22,,,,,,,,,6008.0,175173.0,6.012,0.206,5971.0,0.205,0.078,12.8,tests performed,92.59,29136808.0,204.43,25.0,5.809,3.212,2442.804,15.0,260.797,7.26,9.5,37.8,47.782,0.3,70.78,0.574
2020-06-22,9561.0,535.0,478.571,23.0,0.0,0.571,328.142,18.362,16.425,0.789,0.0,0.02,1.2,,,,,,,,,6198.0,181371.0,6.225,0.213,6098.0,0.209,0.078,12.7,tests performed,92.59,29136808.0,204.43,25.0,5.809,3.212,2442.804,15.0,260.797,7.26,9.5,37.8,47.782,0.3,70.78,0.574
2020-06-23,10099.0,538.0,501.143,24.0,1.0,0.714,346.606,18.465,17.2,0.824,0.034,0.025,1.18,,,,,,,,,4995.0,186366.0,6.396,0.171,6090.0,0.209,0.082,12.2,tests performed,92.59,29136808.0,204.43,25.0,5.809,3.212,2442.804,15.0,260.797,7.26,9.5,37.8,47.782,0.3,70.78,0.574
2020-06-24,10728.0,629.0,507.286,24.0,0.0,0.571,368.194,21.588,17.41,0.824,0.0,0.02,1.15,,,,,,,,,6828.0,193194.0,6.631,0.234,6203.0,0.213,0.082,12.2,tests performed,92.59,29136808.0,204.43,25.0,5.809,3.212,2442.804,15.0,260.797,7.26,9.5,37.8,47.782,0.3,70.78,0.574
2020-06-25,11162.0,434.0,473.429,26.0,2.0,0.571,383.089,14.895,16.248,0.892,0.069,0.02,1.12,,,,,,,,,6543.0,199737.0,6.855,0.225,6317.0,0.217,0.075,13.3,tests performed,92.59,29136808.0,204.43,25.0,5.809,3.212,2442.804,15.0,260.797,7.26,9.5,37.8,47.782,0.3,70.78,0.574
2020-06-26,11755.0,593.0,497.286,27.0,1.0,0.714,403.442,20.352,17.067,0.927,0.034,0.025,1.1,,,,,,,,,6534.0,206271.0,7.079,0.224,6360.0,0.218,0.078,12.8,tests performed,92.59,29136808.0,204.43,25.0,5.809,3.212,2442.804,15.0,260.797,7.26,9.5,37.8,47.782,0.3,70.78,0.574
2020-06-27,12309.0,554.0,529.143,28.0,1.0,0.857,422.455,19.014,18.161,0.961,0.034,0.029,1.07,,,,,,,,,4606.0,210877.0,7.237,0.158,5959.0,0.205,0.089,11.3,tests performed,92.59,29136808.0,204.43,25.0,5.809,3.212,2442.804,15.0,260.797,7.26,9.5,37.8,47.782,0.3,70.78,0.574
2020-06-28,12772.0,463.0,535.143,28.0,0.0,0.714,438.346,15.891,18.367,0.961,0.0,0.025,1.03,,,,,,,,,4962.0,215839.0,7.408,0.17,5809.0,0.199,0.092,10.9,tests performed,92.59,29136808.0,204.43,25.0,5.809,3.212,2442.804,15.0,260.797,7.26,9.5,37.8,47.782,0.3,70.78,0.574
2020-06-29,13248.0,476.0,526.714,29.0,1.0,0.857,454.683,16.337,18.077,0.995,0.034,0.029,1.0,,,,,,,,,7791.0,223630.0,7.675,0.267,6037.0,0.207,0.087,11.5,tests performed,92.59,29136808.0,204.43,25.0,5.809,3.212,2442.804,15.0,260.797,7.26,9.5,37.8,47.782,0.3,70.78,0.574
2020-06-30,13564.0,316.0,495.0,29.0,0.0,0.714,465.528,10.845,16.989,0.995,0.0,0.025,0.97,,,,,,,,,4711.0,228341.0,7.837,0.162,5996.0,0.206,0.083,12.1,tests performed,92.59,29136808.0,204.43,25.0,5.809,3.212,2442.804,15.0,260.797,7.26,9.5,37.8,47.782,0.3,70.78,0.574
2020-07-01,14046.0,482.0,474.0,30.0,1.0,0.857,482.071,16.543,16.268,1.03,0.034,0.029,0.95,,,,,,,,,4886.0,233227.0,8.005,0.168,5719.0,0.196,0.083,12.1,tests performed,92.59,29136808.0,204.43,25.0,5.809,3.212,2442.804,15.0,260.797,7.26,9.5,37.8,47.782,0.3,70.78,0.574
2020-07-02,14519.0,473.0,479.571,31.0,1.0,0.714,498.304,16.234,16.459,1.064,0.034,0.025,0.92,,,,,,,,,4537.0,237764.0,8.16,0.156,5432.0,0.186,0.088,11.3,tests performed,92.59,29136808.0,204.43,25.0,5.809,3.212,2442.804,15.0,260.797,7.26,9.5,37.8,47.782,0.3,70.78,0.574
2020-07-03,15259.0,740.0,500.571,32.0,1.0,0.714,523.702,25.397,17.18,1.098,0.034,0.025,0.9,,,,,,,,,4483.0,242247.0,8.314,0.154,5139.0,0.176,0.097,10.3,tests performed,92.59,29136808.0,204.43,25.0,5.809,3.212,2442.804,15.0,260.797,7.26,9.5,37.8,47.782,0.3,70.78,0.574
2020-07-04,15491.0,232.0,454.571,34.0,2.0,0.857,531.664,7.962,15.601,1.167,0.069,0.029,0.85,,,,,,,,,4050.0,246297.0,8.453,0.139,5060.0,0.174,0.09,11.1,tests performed,92.59,29136808.0,204.43,25.0,5.809,3.212,2442.804,15.0,260.797,7.26,9.5,37.8,47.782,0.3,70.78,0.574
2020-07-05,15784.0,293.0,430.286,34.0,0.0,0.857,541.72,10.056,14.768,1.167,0.0,0.029,0.81,,,,,,,,,4710.0,251007.0,8.615,0.162,5024.0,0.172,0.086,11.7,tests performed,92.59,29136808.0,204.43,25.0,5.809,3.212,2442.804,15.0,260.797,7.26,9.5,37.8,47.782,0.3,70.78,0.574
2020-07-06,15964.0,180.0,388.0,35.0,1.0,0.857,547.898,6.178,13.316,1.201,0.034,0.029,0.78,,,,,,,,,4721.0,255728.0,8.777,0.162,4585.0,0.157,0.085,11.8,tests performed,92.59,29136808.0,204.43,25.0,5.809,3.212,2442.804,15.0,260.797,7.26,9.5,37.8,47.782,0.3,70.78,0.574
2020-07-07,16168.0,204.0,372.0,35.0,0.0,0.857,554.899,7.001,12.767,1.201,0.0,0.029,0.76,,,,,,,,,6133.0,261861.0,8.987,0.21,4789.0,0.164,0.078,12.9,tests performed,92.59,29136808.0,204.43,25.0,5.809,3.212,2442.804,15.0,260.797,7.26,9.5,37.8,47.782,0.3,70.78,0.574
2020-07-08,16423.0,255.0,339.571,35.0,0.0,0.714,563.651,8.752,11.654,1.201,0.0,0.025,0.74,,,,,,,,,4696.0,266557.0,9.148,0.161,4761.0,0.163,0.071,14.0,tests performed,92.59,29136808.0,204.43,25.0,5.809,3.212,2442.804,15.0,260.797,7.26,9.5,37.8,47.782,0.3,70.78,0.574
2020-07-09,16531.0,108.0,287.429,35.0,0.0,0.571,567.358,3.707,9.865,1.201,0.0,0.02,0.72,,,,,,,,,4588.0,271145.0,9.306,0.157,4769.0,0.164,0.06,16.6,tests performed,92.59,29136808.0,204.43,25.0,5.809,3.212,2442.804,15.0,260.797,7.26,9.5,37.8,47.782,0.3,70.78,0.574
2020-07-10,16649.0,118.0,198.571,35.0,0.0,0.429,571.408,4.05,6.815,1.201,0.0,0.015,0.71,,,,,,,,,4806.0,275951.0,9.471,0.165,4815.0,0.165,0.041,24.2,tests performed,92.59,29136808.0,204.43,25.0,5.809,3.212,2442.804,15.0,260.797,7.26,9.5,37.8,47.782,0.3,70.78,0.574
2020-07-11,16719.0,70.0,175.429,38.0,3.0,0.571,573.81,2.402,6.021,1.304,0.103,0.02,0.7,,,,,,,,,3648.0,279599.0,9.596,0.125,4757.0,0.163,0.037,27.1,tests performed,92.59,29136808.0,204.43,25.0,5.809,3.212,2442.804,15.0,260.797,7.26,9.5,37.8,47.782,0.3,70.78,0.574
2020-07-12,16801.0,82.0,145.286,38.0,0.0,0.571,576.625,2.814,4.986,1.304,0.0,0.02,0.71,,,,,,,,,3916.0,283515.0,9.73,0.134,4644.0,0.159,0.031,32.0,tests performed,92.59,29136808.0,204.43,25.0,5.809,3.212,2442.804,15.0,260.797,7.26,9.5,37.8,47.782,0.3,70.78,0.574
2020-07-13,16945.0,144.0,140.143,38.0,0.0,0.429,581.567,4.942,4.81,1.304,0.0,0.015,0.72,,,,,,,,,5802.0,289317.0,9.93,0.199,4798.0,0.165,0.029,34.2,tests performed,92.59,29136808.0,204.43,25.0,5.809,3.212,2442.804,15.0,260.797,7.26,9.5,37.8,47.782,0.3,70.78,0.574
2020-07-14,17061.0,116.0,127.571,38.0,0.0,0.429,585.548,3.981,4.378,1.304,0.0,0.015,0.74,,,,,,,,,4422.0,293739.0,10.081,0.152,4554.0,0.156,0.028,35.7,tests performed,92.59,29136808.0,204.43,25.0,5.809,3.212,2442.804,15.0,260.797,7.26,9.5,37.8,47.782,0.3,70.78,0.574
2020-07-15,17177.0,116.0,107.714,39.0,1.0,0.571,589.529,3.981,3.697,1.339,0.034,0.02,0.75,,,,,,,,,5090.0,298829.0,10.256,0.175,4610.0,0.158,0.023,42.8,tests performed,92.59,29136808.0,204.43,25.0,5.809,3.212,2442.804,15.0,260.797,7.26,9.5,37.8,47.782,0.3,70.78,0.574
2020-07-16,17344.0,167.0,116.143,39.0,0.0,0.571,595.261,5.732,3.986,1.339,0.0,0.02,0.78,,,,,,,,,4981.0,303810.0,10.427,0.171,4666.0,0.16,0.025,40.2,tests performed,92.59,29136808.0,204.43,25.0,5.809,3.212,2442.804,15.0,260.797,7.26,9.5,37.8,47.782,0.3,70.78,0.574
2020-07-17,17445.0,101.0,113.714,40.0,1.0,0.714,598.727,3.466,3.903,1.373,0.034,0.025,0.8,,,,,,,,,4688.0,308498.0,10.588,0.161,4650.0,0.16,0.024,40.9,tests performed,92.59,29136808.0,204.43,25.0,5.809,3.212,2442.804,15.0,260.797,7.26,9.5,37.8,47.782,0.3,70.78,0.574
2020-07-18,17502.0,57.0,111.857,40.0,0.0,0.286,600.684,1.956,3.839,1.373,0.0,0.01,0.82,,,,,,,,,3331.0,311829.0,10.702,0.114,4604.0,0.158,0.024,41.2,tests performed,92.59,29136808.0,204.43,25.0,5.809,3.212,2442.804,15.0,260.797,7.26,9.5,37.8,47.782,0.3,70.78,0.574
2020-07-19,17658.0,156.0,122.429,40.0,0.0,0.286,606.038,5.354,4.202,1.373,0.0,0.01,0.86,,,,,,,,,3741.0,315570.0,10.831,0.128,4579.0,0.157,0.027,37.4,tests performed,92.59,29136808.0,204.43,25.0,5.809,3.212,2442.804,15.0,260.797,7.26,9.5,37.8,47.782,0.3,70.78,0.574
2020-07-20,17844.0,186.0,128.429,40.0,0.0,0.286,612.421,6.384,4.408,1.373,0.0,0.01,0.89,,,,,,,,,4302.0,319872.0,10.978,0.148,4365.0,0.15,0.029,34.0,tests performed,92.59,29136808.0,204.43,25.0,5.809,3.212,2442.804,15.0,260.797,7.26,9.5,37.8,47.782,0.3,70.78,0.574
2020-07-21,17994.0,150.0,133.286,40.0,0.0,0.286,617.569,5.148,4.574,1.373,0.0,0.01,0.92,,,,,,,,,3544.0,323416.0,11.1,0.122,4240.0,0.146,0.031,31.8,tests performed,77.78,29136808.0,204.43,25.0,5.809,3.212,2442.804,15.0,260.797,7.26,9.5,37.8,47.782,0.3,70.78,0.574
2020-07-22,18094.0,100.0,131.0,42.0,2.0,0.429,621.001,3.432,4.496,1.441,0.069,0.015,0.94,,,,,,,,,4198.0,327614.0,11.244,0.144,4112.0,0.141,0.032,31.4,tests performed,74.07,29136808.0,204.43,25.0,5.809,3.212,2442.804,15.0,260.797,7.26,9.5,37.8,47.782,0.3,70.78,0.574
2020-07-23,18241.0,147.0,128.143,43.0,1.0,0.571,626.047,5.045,4.398,1.476,0.034,0.02,0.98,,,,,,,,,3481.0,331095.0,11.363,0.119,3898.0,0.134,0.033,30.4,tests performed,74.07,29136808.0,204.43,25.0,5.809,3.212,2442.804,15.0,260.797,7.26,9.5,37.8,47.782,0.3,70.78,0.574
2020-07-24,18374.0,133.0,132.714,44.0,1.0,0.571,630.611,4.565,4.555,1.51,0.034,0.02,1.01,,,,,,,,,3987.0,335082.0,11.5,0.137,3798.0,0.13,0.035,28.6,tests performed,78.7,29136808.0,204.43,25.0,5.809,3.212,2442.804,15.0,260.797,7.26,9.5,37.8,47.782,0.3,70.78,0.574
2020-07-25,18483.0,109.0,140.143,45.0,1.0,0.714,634.352,3.741,4.81,1.544,0.034,0.025,1.05,,,,,,,,,4075.0,339157.0,11.64,0.14,3904.0,0.134,0.036,27.9,tests performed,78.7,29136808.0,204.43,25.0,5.809,3.212,2442.804,15.0,260.797,7.26,9.5,37.8,47.782,0.3,70.78,0.574
2020-07-26,18613.0,130.0,136.429,45.0,0.0,0.714,638.814,4.462,4.682,1.544,0.0,0.025,1.09,,,,,,,,,3300.0,342457.0,11.753,0.113,3841.0,0.132,0.036,28.2,tests performed,78.7,29136808.0,204.43,25.0,5.809,3.212,2442.804,15.0,260.797,7.26,9.5,37.8,47.782,0.3,70.78,0.574
2020-07-27,18752.0,139.0,129.714,48.0,3.0,1.143,643.585,4.771,4.452,1.647,0.103,0.039,1.14,,,,,,,,,4818.0,347275.0,11.919,0.165,3915.0,0.134,0.033,30.2,tests performed,78.7,29136808.0,204.43,25.0,5.809,3.212,2442.804,15.0,260.797,7.26,9.5,37.8,47.782,0.3,70.78,0.574
2020-07-28,19063.0,311.0,152.714,49.0,1.0,1.286,654.258,10.674,5.241,1.682,0.034,0.044,1.19,,,,,,,,,5032.0,352307.0,12.091,0.173,4127.0,0.142,0.037,27.0,tests performed,78.7,29136808.0,204.43,25.0,5.809,3.212,2442.804,15.0,260.797,7.26,9.5,37.8,47.782,0.3,70.78,0.574
2020-07-29,19273.0,210.0,168.429,49.0,0.0,1.0,661.466,7.207,5.781,1.682,0.0,0.034,1.21,,,,,,,,,6037.0,358344.0,12.299,0.207,4390.0,0.151,0.038,26.1,tests performed,78.7,29136808.0,204.43,25.0,5.809,3.212,2442.804,15.0,260.797,7.26,9.5,37.8,47.782,0.3,70.78,0.574
2020-07-30,19547.0,274.0,186.571,52.0,3.0,1.286,670.87,9.404,6.403,1.785,0.103,0.044,1.24,,,,,,,,,6304.0,364648.0,12.515,0.216,4793.0,0.164,0.039,25.7,tests performed,78.7,29136808.0,204.43,25.0,5.809,3.212,2442.804,15.0,260.797,7.26,9.5,37.8,47.782,0.3,70.78,0.574
2020-07-31,19771.0,224.0,199.571,56.0,4.0,1.714,678.558,7.688,6.849,1.922,0.137,0.059,1.26,,,,,,,,,10768.0,375416.0,12.885,0.37,5762.0,0.198,0.035,28.9,tests performed,78.7,29136808.0,204.43,25.0,5.809,3.212,2442.804,15.0,260.797,7.26,9.5,37.8,47.782,0.3,70.78,0.574
2020-08-01,20086.0,315.0,229.0,56.0,0.0,1.571,689.369,10.811,7.859,1.922,0.0,0.054,1.28,,,,,,,,,6993.0,382409.0,13.125,0.24,6179.0,0.212,0.037,27.0,tests performed,78.7,29136808.0,204.43,25.0,5.809,3.212,2442.804,15.0,260.797,7.26,9.5,37.8,47.782,0.3,70.78,0.574
2020-08-02,20332.0,246.0,245.571,57.0,1.0,1.714,697.812,8.443,8.428,1.956,0.034,0.059,1.3,,,,,,,,,8861.0,391270.0,13.429,0.304,6973.0,0.239,0.035,28.4,tests performed,78.7,29136808.0,204.43,25.0,5.809,3.212,2442.804,15.0,260.797,7.26,9.5,37.8,47.782,0.3,70.78,0.574
2020-08-03,20750.0,418.0,285.429,57.0,0.0,1.286,712.158,14.346,9.796,1.956,0.0,0.044,1.31,,,,,,,,,7637.0,398907.0,13.691,0.262,7376.0,0.253,0.039,25.8,tests performed,78.7,29136808.0,204.43,25.0,5.809,3.212,2442.804,15.0,260.797,7.26,9.5,37.8,47.782,0.3,70.78,0.574
2020-08-04,21009.0,259.0,278.0,58.0,1.0,1.286,721.047,8.889,9.541,1.991,0.034,0.044,1.32,,,,,,,,,7687.0,406594.0,13.955,0.264,7755.0,0.266,0.036,27.9,tests performed,78.7,29136808.0,204.43,25.0,5.809,3.212,2442.804,15.0,260.797,7.26,9.5,37.8,47.782,0.3,70.78,0.574
2020-08-05,21390.0,381.0,302.429,60.0,2.0,1.571,734.123,13.076,10.38,2.059,0.069,0.054,1.33,,,,,,,,,6359.0,412953.0,14.173,0.218,7801.0,0.268,0.039,25.8,tests performed,78.7,29136808.0,204.43,25.0,5.809,3.212,2442.804,15.0,260.797,7.26,9.5,37.8,47.782,0.3,70.78,0.574
2020-08-06,21750.0,360.0,314.714,65.0,5.0,1.857,746.478,12.356,10.801,2.231,0.172,0.064,1.33,,,,,,,,,6622.0,419575.0,14.4,0.227,7847.0,0.269,0.04,24.9,tests performed,78.7,29136808.0,204.43,25.0,5.809,3.212,2442.804,15.0,260.797,7.26,9.5,37.8,47.782,0.3,70.78,0.574
2020-08-07,22214.0,464.0,349.0,70.0,5.0,2.0,762.403,15.925,11.978,2.402,0.172,0.069,1.34,,,,,,,,,7926.0,427501.0,14.672,0.272,7441.0,0.255,0.047,21.3,tests performed,84.26,29136808.0,204.43,25.0,5.809,3.212,2442.804,15.0,260.797,7.26,9.5,37.8,47.782,0.3,70.78,0.574
2020-08-08,22592.0,378.0,358.0,73.0,3.0,2.429,775.377,12.973,12.287,2.505,0.103,0.083,1.33,,,,,,,,,7788.0,435289.0,14.939,0.267,7554.0,0.259,0.047,21.1,tests performed,84.26,29136808.0,204.43,25.0,5.809,3.212,2442.804,15.0,260.797,7.26,9.5,37.8,47.782,0.3,70.78,0.574
2020-08-09,22972.0,380.0,377.143,75.0,2.0,2.571,788.419,13.042,12.944,2.574,0.069,0.088,1.33,,,,,,,,,8515.0,443804.0,15.232,0.292,7505.0,0.258,0.05,19.9,tests performed,84.26,29136808.0,204.43,25.0,5.809,3.212,2442.804,15.0,260.797,7.26,9.5,37.8,47.782,0.3,70.78,0.574
2020-08-10,23310.0,338.0,365.714,79.0,4.0,3.143,800.019,11.6,12.552,2.711,0.137,0.108,1.34,,,,,,,,,8432.0,452236.0,15.521,0.289,7618.0,0.261,0.048,20.8,tests performed,84.26,29136808.0,204.43,25.0,5.809,3.212,2442.804,15.0,260.797,7.26,9.5,37.8,47.782,0.3,70.78,0.574
2020-08-11,23948.0,638.0,419.857,83.0,4.0,3.571,821.916,21.897,14.41,2.849,0.137,0.123,1.35,,,,,,,,,10462.0,462698.0,15.88,0.359,8015.0,0.275,0.052,19.1,tests performed,90.74,29136808.0,204.43,25.0,5.809,3.212,2442.804,15.0,260.797,7.26,9.5,37.8,47.782,0.3,70.78,0.574
2020-08-12,24432.0,484.0,434.571,91.0,8.0,4.429,838.527,16.611,14.915,3.123,0.275,0.152,1.34,,,,,,,,,10481.0,473179.0,16.24,0.36,8604.0,0.295,0.051,19.8,tests performed,90.74,29136808.0,204.43,25.0,5.809,3.212,2442.804,15.0,260.797,7.26,9.5,37.8,47.782,0.3,70.78,0.574
2020-08-13,24957.0,525.0,458.143,95.0,4.0,4.286,856.545,18.018,15.724,3.26,0.137,0.147,1.34,,,,,,,,,9859.0,483038.0,16.578,0.338,9066.0,0.311,0.051,19.8,tests performed,90.74,29136808.0,204.43,25.0,5.809,3.212,2442.804,15.0,260.797,7.26,9.5,37.8,47.782,0.3,70.78,0.574
2020-08-14,25551.0,594.0,476.714,99.0,4.0,4.143,876.932,20.387,16.361,3.398,0.137,0.142,1.34,,,,,,,,,11575.0,494613.0,16.976,0.397,9587.0,0.329,0.05,20.1,tests performed,90.74,29136808.0,204.43,25.0,5.809,3.212,2442.804,15.0,260.797,7.26,9.5,37.8,47.782,0.3,70.78,0.574
2020-08-15,26019.0,468.0,489.571,102.0,3.0,4.143,892.994,16.062,16.803,3.501,0.103,0.142,1.33,,,,,,,,,11047.0,505660.0,17.355,0.379,10053.0,0.345,0.049,20.5,tests performed,90.74,29136808.0,204.43,25.0,5.809,3.212,2442.804,15.0,260.797,7.26,9.5,37.8,47.782,0.3,70.78,0.574
2020-08-16,26660.0,641.0,526.857,104.0,2.0,4.143,914.994,22.0,18.082,3.569,0.069,0.142,1.34,,,,,,,,,12247.0,517907.0,17.775,0.42,10586.0,0.363,0.05,20.1,tests performed,90.74,29136808.0,204.43,25.0,5.809,3.212,2442.804,15.0,260.797,7.26,9.5,37.8,47.782,0.3,70.78,0.574
2020-08-17,27241.0,581.0,561.571,107.0,3.0,4.0,934.934,19.94,19.274,3.672,0.103,0.137,1.33,,,,,,,,,11520.0,529427.0,18.17,0.395,11027.0,0.378,0.051,19.6,tests performed,90.74,29136808.0,204.43,25.0,5.809,3.212,2442.804,15.0,260.797,7.26,9.5,37.8,47.782,0.3,70.78,0.574
2020-08-18,28257.0,1016.0,615.571,114.0,7.0,4.429,969.804,34.87,21.127,3.913,0.24,0.152,1.34,,,,,,,,,13439.0,542866.0,18.632,0.461,11453.0,0.393,0.054,18.6,tests performed,90.74,29136808.0,204.43,25.0,5.809,3.212,2442.804,15.0,260.797,7.26,9.5,37.8,47.782,0.3,70.78,0.574
2020-08-19,28938.0,681.0,643.714,120.0,6.0,4.143,993.177,23.372,22.093,4.119,0.206,0.142,1.32,,,,,,,,,11522.0,554388.0,19.027,0.395,11601.0,0.398,0.055,18.0,tests performed,85.19,29136808.0,204.43,25.0,5.809,3.212,2442.804,15.0,260.797,7.26,9.5,37.8,47.782,0.3,70.78,0.574
2020-08-20,29645.0,707.0,669.714,126.0,6.0,4.429,1017.442,24.265,22.985,4.324,0.206,0.152,1.31,,,,,,,,,11832.0,566220.0,19.433,0.406,11883.0,0.408,0.056,17.7,tests performed,85.19,29136808.0,204.43,25.0,5.809,3.212,2442.804,15.0,260.797,7.26,9.5,37.8,47.782,0.3,70.78,0.574
2020-08-21,30483.0,838.0,704.571,137.0,11.0,5.429,1046.202,28.761,24.181,4.702,0.378,0.186,1.3,,,,,,,,,13679.0,579899.0,19.903,0.469,12184.0,0.418,0.058,17.3,tests performed,82.41,29136808.0,204.43,25.0,5.809,3.212,2442.804,15.0,260.797,7.26,9.5,37.8,47.782,0.3,70.78,0.574
2020-08-22,31117.0,634.0,728.286,146.0,9.0,6.286,1067.962,21.759,24.995,5.011,0.309,0.216,1.28,,,,,,,,,12519.0,592418.0,20.332,0.43,12394.0,0.425,0.059,17.0,tests performed,82.41,29136808.0,204.43,25.0,5.809,3.212,2442.804,15.0,260.797,7.26,9.5,37.8,47.782,0.3,70.78,0.574
2020-08-23,31935.0,818.0,753.571,149.0,3.0,6.429,1096.036,28.074,25.863,5.114,0.103,0.221,1.28,,,,,,,,,8026.0,600444.0,20.608,0.275,11791.0,0.405,0.064,15.6,tests performed,82.41,29136808.0,204.43,25.0,5.809,3.212,2442.804,15.0,260.797,7.26,9.5,37.8,47.782,0.3,70.78,0.574
2020-08-24,32678.0,743.0,776.714,157.0,8.0,7.143,1121.537,25.5,26.657,5.388,0.275,0.245,1.27,,,,,,,,,10234.0,610678.0,20.959,0.351,11607.0,0.398,0.067,14.9,tests performed,82.41,29136808.0,204.43,25.0,5.809,3.212,2442.804,15.0,260.797,7.26,9.5,37.8,47.782,0.3,70.78,0.574
2020-08-25,33533.0,855.0,753.714,164.0,7.0,7.143,1150.881,29.344,25.868,5.629,0.24,0.245,1.27,,,,,,,,,11321.0,621999.0,21.348,0.389,11305.0,0.388,0.067,15.0,tests performed,82.41,29136808.0,204.43,25.0,5.809,3.212,2442.804,15.0,260.797,7.26,9.5,37.8,47.782,0.3,70.78,0.574
2020-08-26,34418.0,885.0,782.857,175.0,11.0,7.857,1181.255,30.374,26.868,6.006,0.378,0.27,1.26,,,,,,,,,13253.0,635252.0,21.802,0.455,11552.0,0.396,0.068,14.8,tests performed,82.41,29136808.0,204.43,25.0,5.809,3.212,2442.804,15.0,260.797,7.26,9.5,37.8,47.782,0.3,70.78,0.574
2020-08-27,35529.0,1111.0,840.571,183.0,8.0,8.143,1219.385,38.13,28.849,6.281,0.275,0.279,1.26,,,,,,,,,12629.0,647881.0,22.236,0.433,11666.0,0.4,0.072,13.9,tests performed,82.41,29136808.0,204.43,25.0,5.809,3.212,2442.804,15.0,260.797,7.26,9.5,37.8,47.782,0.3,70.78,0.574
2020-08-28,36456.0,927.0,853.286,195.0,12.0,8.286,1251.201,31.815,29.285,6.693,0.412,0.284,1.25,,,,,,,,,10229.0,658110.0,22.587,0.351,11173.0,0.383,0.076,13.1,tests performed,82.41,29136808.0,204.43,25.0,5.809,3.212,2442.804,15.0,260.797,7.26,9.5,37.8,47.782,0.3,70.78,0.574
2020-08-29,37340.0,884.0,889.0,207.0,12.0,8.714,1281.541,30.34,30.511,7.104,0.412,0.299,1.24,,,,,,,,,11516.0,669626.0,22.982,0.395,11030.0,0.379,0.081,12.4,tests performed,82.41,29136808.0,204.43,25.0,5.809,3.212,2442.804,15.0,260.797,7.26,9.5,37.8,47.782,0.3,70.78,0.574
2020-08-30,38561.0,1221.0,946.571,221.0,14.0,10.286,1323.446,41.906,32.487,7.585,0.48,0.353,1.23,,,,,,,,,12717.0,682343.0,23.419,0.436,11700.0,0.402,0.081,12.4,tests performed,82.41,29136808.0,204.43,25.0,5.809,3.212,2442.804,15.0,260.797,7.26,9.5,37.8,47.782,0.3,70.78,0.574
2020-08-31,39460.0,899.0,968.857,228.0,7.0,10.143,1354.301,30.854,33.252,7.825,0.24,0.348,1.22,,,,,,,,,11129.0,693472.0,23.801,0.382,11828.0,0.406,0.082,12.2,tests performed,82.41,29136808.0,204.43,25.0,5.809,3.212,2442.804,15.0,260.797,7.26,9.5,37.8,47.782,0.3,70.78,0.574
2020-09-01,40529.0,1069.0,999.429,239.0,11.0,10.714,1390.99,36.689,34.301,8.203,0.378,0.368,1.22,,,,,,,,,12088.0,705560.0,24.215,0.415,11937.0,0.41,0.084,11.9,tests performed,82.41,29136808.0,204.43,25.0,5.809,3.212,2442.804,15.0,260.797,7.26,9.5,37.8,47.782,0.3,70.78,0.574
2020-09-02,41649.0,1120.0,1033.0,251.0,12.0,10.857,1429.429,38.439,35.453,8.615,0.412,0.373,1.21,,,,,,,,,12879.0,718439.0,24.657,0.442,11884.0,0.408,0.087,11.5,tests performed,76.85,29136808.0,204.43,25.0,5.809,3.212,2442.804,15.0,260.797,7.26,9.5,37.8,47.782,0.3,70.78,0.574
2020-09-03,42877.0,1228.0,1049.714,257.0,6.0,10.571,1471.575,42.146,36.027,8.82,0.206,0.363,1.2,,,,,,,,,13413.0,731852.0,25.118,0.46,11996.0,0.412,0.088,11.4,tests performed,76.85,29136808.0,204.43,25.0,5.809,3.212,2442.804,15.0,260.797,7.26,9.5,37.8,47.782,0.3,70.78,0.574
2020-09-04,44236.0,1359.0,1111.429,271.0,14.0,10.857,1518.217,46.642,38.145,9.301,0.48,0.373,1.19,,,,,,,,,13638.0,745490.0,25.586,0.468,12483.0,0.428,0.089,11.2,tests performed,76.85,29136808.0,204.43,25.0,5.809,3.212,2442.804,15.0,260.797,7.26,9.5,37.8,47.782,0.3,70.78,0.574
2020-09-05,45277.0,1041.0,1133.857,280.0,9.0,10.429,1553.945,35.728,38.915,9.61,0.309,0.358,1.17,,,,,,,,,12473.0,757963.0,26.014,0.428,12620.0,0.433,0.09,11.1,tests performed,76.85,29136808.0,204.43,25.0,5.809,3.212,2442.804,15.0,260.797,7.26,9.5,37.8,47.782,0.3,70.78,0.574
2020-09-06,46257.0,980.0,1099.429,289.0,9.0,9.714,1587.58,33.634,37.733,9.919,0.309,0.333,1.16,,,,,,,,,10382.0,768345.0,26.37,0.356,12286.0,0.422,0.089,11.2,tests performed,74.07,29136808.0,204.43,25.0,5.809,3.212,2442.804,15.0,260.797,7.26,9.5,37.8,47.782,0.3,70.78,0.574
2020-09-07,47236.0,979.0,1110.857,300.0,11.0,10.286,1621.18,33.6,38.126,10.296,0.378,0.353,1.15,,,,,,,,,9218.0,777563.0,26.687,0.316,12013.0,0.412,0.092,10.8,tests performed,74.07,29136808.0,204.43,25.0,5.809,3.212,2442.804,15.0,260.797,7.26,9.5,37.8,47.782,0.3,70.78,0.574
2020-09-08,48138.0,902.0,1087.0,306.0,6.0,9.571,1652.137,30.957,37.307,10.502,0.206,0.328,1.15,,,,,,,,,10611.0,788174.0,27.051,0.364,11802.0,0.405,0.092,10.9,tests performed,74.07,29136808.0,204.43,25.0,5.809,3.212,2442.804,15.0,260.797,7.26,9.5,37.8,47.782,0.3,70.78,0.574
2020-09-09,49219.0,1081.0,1081.429,312.0,6.0,8.714,1689.238,37.101,37.116,10.708,0.206,0.299,1.15,,,,,,,,,11167.0,799341.0,27.434,0.383,11557.0,0.397,0.094,10.7,tests performed,74.07,29136808.0,204.43,25.0,5.809,3.212,2442.804,15.0,260.797,7.26,9.5,37.8,47.782,0.3,70.78,0.574
2020-09-10,50465.0,1246.0,1084.0,317.0,5.0,8.571,1732.002,42.764,37.204,10.88,0.172,0.294,1.15,,,,,,,,,11144.0,810485.0,27.817,0.382,11233.0,0.386,0.097,10.4,tests performed,74.07,29136808.0,204.43,25.0,5.809,3.212,2442.804,15.0,260.797,7.26,9.5,37.8,47.782,0.3,70.78,0.574
2020-09-11,51919.0,1454.0,1097.571,322.0,5.0,7.286,1781.904,49.903,37.67,11.051,0.172,0.25,1.15,,,,,,,,,10701.0,821186.0,28.184,0.367,10814.0,0.371,0.101,9.9,tests performed,74.07,29136808.0,204.43,25.0,5.809,3.212,2442.804,15.0,260.797,7.26,9.5,37.8,47.782,0.3,70.78,0.574
2020-09-12,53120.0,1201.0,1120.429,336.0,14.0,8.0,1823.124,41.219,38.454,11.532,0.48,0.275,1.15,,,,,,,,,10176.0,831362.0,28.533,0.349,10486.0,0.36,0.107,9.4,tests performed,74.07,29136808.0,204.43,25.0,5.809,3.212,2442.804,15.0,260.797,7.26,9.5,37.8,47.782,0.3,70.78,0.574
2020-09-13,54159.0,1039.0,1128.857,345.0,9.0,8.0,1858.783,35.659,38.743,11.841,0.309,0.275,1.15,,,,,,,,,9165.0,840527.0,28.848,0.315,10312.0,0.354,0.109,9.1,tests performed,74.07,29136808.0,204.43,25.0,5.809,3.212,2442.804,15.0,260.797,7.26,9.5,37.8,47.782,0.3,70.78,0.574
2020-09-14,55329.0,1170.0,1156.143,360.0,15.0,8.571,1898.938,40.155,39.68,12.356,0.515,0.294,1.15,,,,,,,,,10878.0,851405.0,29.221,0.373,10549.0,0.362,0.11,9.1,tests performed,76.85,29136808.0,204.43,25.0,5.809,3.212,2442.804,15.0,260.797,7.26,9.5,37.8,47.782,0.3,70.78,0.574
2020-09-15,56788.0,1459.0,1235.714,371.0,11.0,9.286,1949.012,50.074,42.411,12.733,0.378,0.319,1.15,,,,,,,,,10375.0,861780.0,29.577,0.356,10515.0,0.361,0.118,8.5,tests performed,76.85,29136808.0,204.43,25.0,5.809,3.212,2442.804,15.0,260.797,7.26,9.5,37.8,47.782,0.3,70.78,0.574
2020-09-16,58327.0,1539.0,1301.143,379.0,8.0,9.571,2001.832,52.82,44.656,13.008,0.275,0.328,1.15,,,,,,,,,10494.0,872274.0,29.937,0.36,10419.0,0.358,0.125,8.0,tests performed,76.85,29136808.0,204.43,25.0,5.809,3.212,2442.804,15.0,260.797,7.26,9.5,37.8,47.782,0.3,70.78,0.574
2020-09-17,59573.0,1246.0,1301.143,383.0,4.0,9.429,2044.596,42.764,44.656,13.145,0.137,0.324,1.15,,,,,,,,,10641.0,882915.0,30.302,0.365,10347.0,0.355,0.126,8.0,tests performed,76.85,29136808.0,204.43,25.0,5.809,3.212,2442.804,15.0,260.797,7.26,9.5,37.8,47.782,0.3,70.78,0.574
2020-09-18,61593.0,2020.0,1382.0,390.0,7.0,9.714,2113.924,69.328,47.431,13.385,0.24,0.333,1.15,,,,,,,,,11458.0,894373.0,30.696,0.393,10455.0,0.359,0.132,7.6,tests performed,76.85,29136808.0,204.43,25.0,5.809,3.212,2442.804,15.0,260.797,7.26,9.5,37.8,47.782,0.3,70.78,0.574
2020-09-19,62797.0,1204.0,1382.429,401.0,11.0,9.286,2155.246,41.322,47.446,13.763,0.378,0.319,1.14,,,,,,,,,10333.0,904706.0,31.05,0.355,10478.0,0.36,0.132,7.6,tests performed,76.85,29136808.0,204.43,25.0,5.809,3.212,2442.804,15.0,260.797,7.26,9.5,37.8,47.782,0.3,70.78,0.574
2020-09-20,64122.0,1325.0,1423.286,411.0,10.0,9.429,2200.722,45.475,48.848,14.106,0.343,0.324,1.13,,,,,,,,,9584.0,914290.0,31.379,0.329,10538.0,0.362,0.135,7.4,tests performed,76.85,29136808.0,204.43,25.0,5.809,3.212,2442.804,15.0,260.797,7.26,9.5,37.8,47.782,0.3,70.78,0.574
2020-09-21,65276.0,1154.0,1421.0,427.0,16.0,9.571,2240.328,39.606,48.77,14.655,0.549,0.328,1.13,,,,,,,,,9533.0,923823.0,31.706,0.327,10345.0,0.355,0.137,7.3,tests performed,76.85,29136808.0,204.43,25.0,5.809,3.212,2442.804,15.0,260.797,7.26,9.5,37.8,47.782,0.3,70.78,0.574
2020-09-22,66632.0,1356.0,1406.286,429.0,2.0,8.286,2286.867,46.539,48.265,14.724,0.069,0.284,1.13,,,,,,,,,11154.0,934977.0,32.089,0.383,10457.0,0.359,0.134,7.4,tests performed,76.85,29136808.0,204.43,25.0,5.809,3.212,2442.804,15.0,260.797,7.26,9.5,37.8,47.782,0.3,70.78,0.574
2020-09-23,67804.0,1172.0,1353.857,436.0,7.0,8.143,2327.091,40.224,46.466,14.964,0.24,0.279,1.13,,,,,,,,,9497.0,944474.0,32.415,0.326,10314.0,0.354,0.131,7.6,tests performed,76.85,29136808.0,204.43,25.0,5.809,3.212,2442.804,15.0,260.797,7.26,9.5,37.8,47.782,0.3,70.78,0.574
2020-09-24,69301.0,1497.0,1389.714,453.0,17.0,10.0,2378.469,51.378,47.696,15.547,0.583,0.343,1.14,,,,,,,,,11449.0,955923.0,32.808,0.393,10430.0,0.358,0.133,7.5,tests performed,76.85,29136808.0,204.43,25.0,5.809,3.212,2442.804,15.0,260.797,7.26,9.5,37.8,47.782,0.3,70.78,0.574
2020-09-25,70614.0,1313.0,1288.714,459.0,6.0,9.857,2423.532,45.063,44.23,15.753,0.206,0.338,1.14,,,,,,,,,12262.0,968185.0,33.229,0.421,10545.0,0.362,0.122,8.2,tests performed,76.85,29136808.0,204.43,25.0,5.809,3.212,2442.804,15.0,260.797,7.26,9.5,37.8,47.782,0.3,70.78,0.574
2020-09-26,71821.0,1207.0,1289.143,467.0,8.0,9.429,2464.958,41.425,44.244,16.028,0.275,0.324,1.15,,,,,,,,,10019.0,978204.0,33.573,0.344,10500.0,0.36,0.123,8.1,tests performed,76.85,29136808.0,204.43,25.0,5.809,3.212,2442.804,15.0,260.797,7.26,9.5,37.8,47.782,0.3,70.78,0.574
2020-09-27,73394.0,1573.0,1324.571,477.0,10.0,9.429,2518.944,53.987,45.46,16.371,0.343,0.324,1.17,,,,,,,,,10123.0,988327.0,33.92,0.347,10577.0,0.363,0.125,8.0,tests performed,76.85,29136808.0,204.43,25.0,5.809,3.212,2442.804,15.0,260.797,7.26,9.5,37.8,47.782,0.3,70.78,0.574
2020-09-28,74745.0,1351.0,1352.714,481.0,4.0,7.714,2565.312,46.367,46.426,16.508,0.137,0.265,1.18,,,,,,,,,10080.0,998407.0,34.266,0.346,10655.0,0.366,0.127,7.9,tests performed,76.85,29136808.0,204.43,25.0,5.809,3.212,2442.804,15.0,260.797,7.26,9.5,37.8,47.782,0.3,70.78,0.574
2020-09-29,76258.0,1513.0,1375.143,491.0,10.0,8.857,2617.239,51.927,47.196,16.852,0.343,0.304,1.2,,,,,,,,,10891.0,1009298.0,34.64,0.374,10617.0,0.364,0.13,7.7,tests performed,76.85,29136808.0,204.43,25.0,5.809,3.212,2442.804,15.0,260.797,7.26,9.5,37.8,47.782,0.3,70.78,0.574
2020-09-30,77817.0,1559.0,1430.429,498.0,7.0,8.857,2670.746,53.506,49.094,17.092,0.24,0.304,1.22,,,,,,,,,12205.0,1021503.0,35.059,0.419,11004.0,0.378,0.13,7.7,tests performed,76.85,29136808.0,204.43,25.0,5.809,3.212,2442.804,15.0,260.797,7.26,9.5,37.8,47.782,0.3,70.78,0.574
2020-10-01,79728.0,1911.0,1489.571,509.0,11.0,8.0,2736.333,65.587,51.123,17.469,0.378,0.275,1.24,,,,,,,,,12444.0,1033947.0,35.486,0.427,11146.0,0.383,0.134,7.5,tests performed,76.85,29136808.0,204.43,25.0,5.809,3.212,2442.804,15.0,260.797,7.26,9.5,37.8,47.782,0.3,70.78,0.574
2020-10-02,82450.0,2722.0,1690.857,520.0,11.0,8.714,2829.754,93.421,58.032,17.847,0.378,0.299,1.26,,,,,,,,,14739.0,1048686.0,35.992,0.506,11500.0,0.395,0.147,6.8,tests performed,76.85,29136808.0,204.43,25.0,5.809,3.212,2442.804,15.0,260.797,7.26,9.5,37.8,47.782,0.3,70.78,0.574
2020-10-03,84570.0,2120.0,1821.286,528.0,8.0,8.714,2902.514,72.76,62.508,18.121,0.275,0.299,1.27,,,,,,,,,12978.0,1061664.0,36.437,0.445,11923.0,0.409,0.153,6.5,tests performed,76.85,29136808.0,204.43,25.0,5.809,3.212,2442.804,15.0,260.797,7.26,9.5,37.8,47.782,0.3,70.78,0.574
2020-10-04,86823.0,2253.0,1918.429,535.0,7.0,8.286,2979.839,77.325,65.842,18.362,0.24,0.284,1.27,,,,,,,,,12784.0,1074448.0,36.876,0.439,12303.0,0.422,0.156,6.4,tests performed,76.85,29136808.0,204.43,25.0,5.809,3.212,2442.804,15.0,260.797,7.26,9.5,37.8,47.782,0.3,70.78,0.574
2020-10-05,89263.0,2440.0,2074.0,554.0,19.0,10.429,3063.582,83.743,71.181,19.014,0.652,0.358,1.28,,,,,,,,,13781.0,1088229.0,37.349,0.473,12832.0,0.44,0.162,6.2,tests performed,76.85,29136808.0,204.43,25.0,5.809,3.212,2442.804,15.0,260.797,7.26,9.5,37.8,47.782,0.3,70.78,0.574
2020-10-06,90814.0,1551.0,2079.429,563.0,9.0,10.286,3116.814,53.232,71.368,19.323,0.309,0.353,1.28,,,,,,,,,11047.0,1099276.0,37.728,0.379,12854.0,0.441,0.162,6.2,tests performed,76.85,29136808.0,204.43,25.0,5.809,3.212,2442.804,15.0,260.797,7.26,9.5,37.8,47.782,0.3,70.78,0.574
2020-10-07,94253.0,3439.0,2348.0,578.0,15.0,11.429,3234.843,118.029,80.585,19.837,0.515,0.392,1.29,,,,,,,,,14209.0,1113485.0,38.216,0.488,13140.0,0.451,0.179,5.6,tests performed,76.85,29136808.0,204.43,25.0,5.809,3.212,2442.804,15.0,260.797,7.26,9.5,37.8,47.782,0.3,70.78,0.574
2020-10-08,98617.0,4364.0,2698.429,590.0,12.0,11.571,3384.619,149.776,92.612,20.249,0.412,0.397,1.3,,,,,,,,,18473.0,1131958.0,38.85,0.634,14002.0,0.481,0.193,5.2,tests performed,76.85,29136808.0,204.43,25.0,5.809,3.212,2442.804,15.0,260.797,7.26,9.5,37.8,47.782,0.3,70.78,0.574
2020-10-09,100676.0,2059.0,2603.714,600.0,10.0,11.429,3455.286,70.667,89.362,20.593,0.343,0.392,1.28,,,,,,,,,13279.0,1145237.0,39.306,0.456,13793.0,0.473,0.189,5.3,tests performed,63.89,29136808.0,204.43,25.0,5.809,3.212,2442.804,15.0,260.797,7.26,9.5,37.8,47.782,0.3,70.78,0.574
2020-10-10,105684.0,5008.0,3016.286,614.0,14.0,12.286,3627.165,171.879,103.521,21.073,0.48,0.422,1.27,,,,,,,,,19320.0,1164557.0,39.969,0.663,14699.0,0.504,0.205,4.9,tests performed,63.89,29136808.0,204.43,25.0,5.809,3.212,2442.804,15.0,260.797,7.26,9.5,37.8,47.782,0.3,70.78,0.574
2020-10-11,107755.0,2071.0,2990.286,636.0,22.0,14.429,3698.243,71.078,102.629,21.828,0.755,0.495,1.25,,,,,,,,,12427.0,1176984.0,40.395,0.427,14648.0,0.503,0.204,4.9,tests performed,63.89,29136808.0,204.43,25.0,5.809,3.212,2442.804,15.0,260.797,7.26,9.5,37.8,47.782,0.3,70.78,0.574
2020-10-12,111802.0,4047.0,3219.857,645.0,9.0,13.0,3837.14,138.896,110.508,22.137,0.309,0.446,1.24,,,,,,,,,14530.0,1191514.0,40.894,0.499,14755.0,0.506,0.218,4.6,tests performed,63.89,29136808.0,204.43,25.0,5.809,3.212,2442.804,15.0,260.797,7.26,9.5,37.8,47.782,0.3,70.78,0.574
2020-10-13,115358.0,3556.0,3506.286,663.0,18.0,14.286,3959.185,122.045,120.339,22.755,0.618,0.49,1.22,,,,,,,,,15577.0,1207091.0,41.428,0.535,15402.0,0.529,0.228,4.4,tests performed,63.89,29136808.0,204.43,25.0,5.809,3.212,2442.804,15.0,260.797,7.26,9.5,37.8,47.782,0.3,70.78,0.574
2020-10-14,117996.0,2638.0,3391.857,675.0,12.0,13.857,4049.723,90.538,116.411,23.167,0.412,0.476,1.19,,,,,,,,,13947.0,1221038.0,41.907,0.479,15365.0,0.527,0.221,4.5,tests performed,63.89,29136808.0,204.43,25.0,5.809,3.212,2442.804,15.0,260.797,7.26,9.5,37.8,47.782,0.3,70.78,0.574
2020-10-15,121745.0,3749.0,3304.0,694.0,19.0,14.857,4178.392,128.669,113.396,23.819,0.652,0.51,1.18,,,,,,,,,16598.0,1237636.0,42.477,0.57,15097.0,0.518,0.219,4.6,tests performed,63.89,29136808.0,204.43,25.0,5.809,3.212,2442.804,15.0,260.797,7.26,9.5,37.8,47.782,0.3,70.78,0.574
2020-10-16,126137.0,4392.0,3637.286,715.0,21.0,16.429,4329.129,150.737,124.835,24.539,0.721,0.564,1.16,,,,,,,,,16531.0,1254167.0,43.044,0.567,15561.0,0.534,0.234,4.3,tests performed,63.89,29136808.0,204.43,25.0,5.809,3.212,2442.804,15.0,260.797,7.26,9.5,37.8,47.782,0.3,70.78,0.574
2020-10-17,129304.0,3167.0,3374.286,727.0,12.0,16.143,4437.823,108.694,115.808,24.951,0.412,0.554,1.14,,,,,,,,,15438.0,1269605.0,43.574,0.53,15007.0,0.515,0.225,4.4,tests performed,63.89,29136808.0,204.43,25.0,5.809,3.212,2442.804,15.0,260.797,7.26,9.5,37.8,47.782,0.3,70.78,0.574
2020-10-18,132246.0,2942.0,3498.714,739.0,12.0,14.714,4538.795,100.972,120.079,25.363,0.412,0.505,1.12,,,,,,,,,13749.0,1283354.0,44.046,0.472,15196.0,0.522,0.23,4.3,tests performed,63.89,29136808.0,204.43,25.0,5.809,3.212,2442.804,15.0,260.797,7.26,9.5,37.8,47.782,0.3,70.78,0.574
2020-10-19,136036.0,3790.0,3462.0,757.0,18.0,16.0,4668.871,130.076,118.819,25.981,0.618,0.549,1.11,,,,,,,,,17564.0,1300918.0,44.649,0.603,15629.0,0.536,0.222,4.5,tests performed,63.89,29136808.0,204.43,25.0,5.809,3.212,2442.804,15.0,260.797,7.26,9.5,37.8,47.782,0.3,70.78,0.574
2020-10-20,139129.0,3093.0,3395.857,765.0,8.0,14.571,4775.025,106.154,116.549,26.255,0.275,0.5,1.09,,,,,,,,,13861.0,1314779.0,45.124,0.476,15384.0,0.528,0.221,4.5,tests performed,63.89,29136808.0,204.43,25.0,5.809,3.212,2442.804,15.0,260.797,7.26,9.5,37.8,47.782,0.3,70.78,0.574
2020-10-21,144872.0,5743.0,3839.429,791.0,26.0,16.571,4972.13,197.105,131.772,27.148,0.892,0.569,1.08,,,,,,,,,20118.0,1334897.0,45.815,0.69,16266.0,0.558,0.236,4.2,tests performed,63.89,29136808.0,204.43,25.0,5.809,3.212,2442.804,15.0,260.797,7.26,9.5,37.8,47.782,0.3,70.78,0.574
2020-10-22,148509.0,3637.0,3823.429,812.0,21.0,16.857,5096.955,124.825,131.223,27.869,0.721,0.579,1.05,,,,,,,,,15255.0,1350152.0,46.338,0.524,16074.0,0.552,0.238,4.2,tests performed,63.89,29136808.0,204.43,25.0,5.809,3.212,2442.804,15.0,260.797,7.26,9.5,37.8,47.782,0.3,70.78,0.574
2020-10-23,153008.0,4499.0,3838.714,829.0,17.0,16.286,5251.365,154.41,131.748,28.452,0.583,0.559,1.02,,,,,,,,,16864.0,1367016.0,46.917,0.579,16121.0,0.553,0.238,4.2,tests performed,63.89,29136808.0,204.43,25.0,5.809,3.212,2442.804,15.0,260.797,7.26,9.5,37.8,47.782,0.3,70.78,0.574
2020-10-24,155233.0,2225.0,3704.143,842.0,13.0,16.429,5327.728,76.364,127.129,28.898,0.446,0.564,0.99,,,,,,,,,13846.0,1380862.0,47.392,0.475,15894.0,0.545,0.233,4.3,tests performed,63.89,29136808.0,204.43,25.0,5.809,3.212,2442.804,15.0,260.797,7.26,9.5,37.8,47.782,0.3,70.78,0.574
2020-10-25,158089.0,2856.0,3691.857,847.0,5.0,15.429,5425.749,98.02,126.708,29.07,0.172,0.53,0.96,,,,,,,,,12311.0,1393173.0,47.815,0.423,15688.0,0.538,0.235,4.2,tests performed,63.89,29136808.0,204.43,25.0,5.809,3.212,2442.804,15.0,260.797,7.26,9.5,37.8,47.782,0.3,70.78,0.574
2020-10-26,159830.0,1741.0,3399.143,862.0,15.0,15.0,5485.501,59.753,116.661,29.585,0.515,0.515,0.94,,,,,,,,,5006.0,1398179.0,47.987,0.172,13894.0,0.477,0.245,4.1,tests performed,63.89,29136808.0,204.43,25.0,5.809,3.212,2442.804,15.0,260.797,7.26,9.5,37.8,47.782,0.3,70.78,0.574
2020-10-27,160400.0,570.0,3038.714,876.0,14.0,15.857,5505.064,19.563,104.291,30.065,0.48,0.544,0.93,,,,,,,,,2515.0,1400694.0,48.073,0.086,12274.0,0.421,0.248,4.0,tests performed,63.89,29136808.0,204.43,25.0,5.809,3.212,2442.804,15.0,260.797,7.26,9.5,37.8,47.782,0.3,70.78,0.574
2020-10-28,162354.0,1954.0,2497.429,887.0,11.0,13.714,5572.127,67.063,85.714,30.443,0.378,0.471,0.94,,,,,,,,,8601.0,1409295.0,48.368,0.295,10628.0,0.365,0.235,4.3,tests performed,63.89,29136808.0,204.43,25.0,5.809,3.212,2442.804,15.0,260.797,7.26,9.5,37.8,47.782,0.3,70.78,0.574
2020-10-29,164718.0,2364.0,2315.571,904.0,17.0,13.143,5653.262,81.134,79.472,31.026,0.583,0.451,0.95,,,,,,,,,9769.0,1419064.0,48.703,0.335,9845.0,0.338,0.235,4.3,tests performed,63.89,29136808.0,204.43,25.0,5.809,3.212,2442.804,15.0,260.797,7.26,9.5,37.8,47.782,0.3,70.78,0.574
2020-10-30,168235.0,3517.0,2175.286,920.0,16.0,13.0,5773.968,120.706,74.658,31.575,0.549,0.446,0.96,,,,,,,,,14989.0,1434053.0,49.218,0.514,9577.0,0.329,0.227,4.4,tests performed,63.89,29136808.0,204.43,25.0,5.809,3.212,2442.804,15.0,260.797,7.26,9.5,37.8,47.782,0.3,70.78,0.574
2020-10-31,170743.0,2508.0,2215.714,937.0,17.0,13.571,5860.045,86.077,76.045,32.159,0.583,0.466,0.96,,,,,,,,,9290.0,1443343.0,49.537,0.319,8926.0,0.306,0.248,4.0,tests performed,63.89,29136808.0,204.43,25.0,5.809,3.212,2442.804,15.0,260.797,7.26,9.5,37.8,47.782,0.3,70.78,0.574
2020-11-01,173567.0,2824.0,2211.143,960.0,23.0,16.143,5956.967,96.922,75.888,32.948,0.789,0.554,0.96,,,,,,,,,13023.0,1456366.0,49.984,0.447,9028.0,0.31,0.245,4.1,tests performed,63.89,29136808.0,204.43,25.0,5.809,3.212,2442.804,15.0,260.797,7.26,9.5,37.8,47.782,0.3,70.78,0.574
2020-11-02,176500.0,2933.0,2381.429,984.0,24.0,17.429,6057.63,100.663,81.733,33.772,0.824,0.598,0.97,,,,,,,,,13446.0,1469812.0,50.445,0.461,10233.0,0.351,0.233,4.3,tests performed,63.89,29136808.0,204.43,25.0,5.809,3.212,2442.804,15.0,260.797,7.26,9.5,37.8,47.782,0.3,70.78,0.574
2020-11-03,179614.0,3114.0,2744.857,1004.0,20.0,18.286,6164.505,106.875,94.206,34.458,0.686,0.628,0.97,,,,,,,,,11166.0,1480978.0,50.828,0.383,11469.0,0.394,0.239,4.2,tests performed,63.89,29136808.0,204.43,25.0,5.809,3.212,2442.804,15.0,260.797,7.26,9.5,37.8,47.782,0.3,70.78,0.574
2020-11-04,182923.0,3309.0,2938.429,1034.0,30.0,21.0,6278.073,113.568,100.849,35.488,1.03,0.721,0.96,,,,,,,,,13144.0,1494122.0,51.28,0.451,12118.0,0.416,0.242,4.1,tests performed,63.89,29136808.0,204.43,25.0,5.809,3.212,2442.804,15.0,260.797,7.26,9.5,37.8,47.782,0.3,70.78,0.574
2020-11-05,185974.0,3051.0,3036.571,1052.0,18.0,21.143,6382.786,104.713,104.218,36.106,0.618,0.726,0.95,,,,,,,,,13068.0,1507190.0,51.728,0.449,12589.0,0.432,0.241,4.1,tests performed,63.89,29136808.0,204.43,25.0,5.809,3.212,2442.804,15.0,260.797,7.26,9.5,37.8,47.782,0.3,70.78,0.574
2020-11-06,188883.0,2909.0,2949.714,1070.0,18.0,21.429,6482.625,99.839,101.237,36.723,0.618,0.735,0.94,,,,,,,,,10153.0,1517343.0,52.077,0.348,11899.0,0.408,0.248,4.0,tests performed,63.89,29136808.0,204.43,25.0,5.809,3.212,2442.804,15.0,260.797,7.26,9.5,37.8,47.782,0.3,70.78,0.574
2020-11-07,191636.0,2753.0,2984.714,1087.0,17.0,21.429,6577.11,94.485,102.438,37.307,0.583,0.735,0.93,,,,,,,,,10423.0,1527766.0,52.434,0.358,12060.0,0.414,0.247,4.0,tests performed,63.89,29136808.0,204.43,25.0,5.809,3.212,2442.804,15.0,260.797,7.26,9.5,37.8,47.782,0.3,70.78,0.574
2020-11-08,194453.0,2817.0,2983.714,1108.0,21.0,21.143,6673.792,96.682,102.404,38.028,0.721,0.726,0.92,,,,,,,,,12311.0,1540077.0,52.857,0.423,11959.0,0.41,0.249,4.0,tests performed,63.89,29136808.0,204.43,25.0,5.809,3.212,2442.804,15.0,260.797,7.26,9.5,37.8,47.782,0.3,70.78,0.574
2020-11-09,197024.0,2571.0,2932.0,1126.0,18.0,20.286,6762.031,88.239,100.629,38.645,0.618,0.696,0.9,,,,,,,,,11177.0,1551254.0,53.24,0.384,11635.0,0.399,0.252,4.0,tests performed,63.89,29136808.0,204.43,25.0,5.809,3.212,2442.804,15.0,260.797,7.26,9.5,37.8,47.782,0.3,70.78,0.574
2020-11-10,199760.0,2736.0,2878.0,1148.0,22.0,20.571,6855.933,93.902,98.775,39.4,0.755,0.706,0.89,,,,,,,,,12960.0,1564214.0,53.685,0.445,11891.0,0.408,0.242,4.1,tests performed,63.89,29136808.0,204.43,25.0,5.809,3.212,2442.804,15.0,260.797,7.26,9.5,37.8,47.782,0.3,70.78,0.574
2020-11-11,202329.0,2569.0,2772.286,1174.0,26.0,20.0,6944.103,88.17,95.147,40.293,0.892,0.686,0.87,,,,,,,,,10081.0,1574295.0,54.031,0.346,11453.0,0.393,0.242,4.1,tests performed,63.89,29136808.0,204.43,25.0,5.809,3.212,2442.804,15.0,260.797,7.26,9.5,37.8,47.782,0.3,70.78,0.574
2020-11-12,204242.0,1913.0,2609.714,1189.0,15.0,19.571,7009.759,65.656,89.568,40.807,0.515,0.672,0.86,,,,,,,,,10022.0,1584317.0,54.375,0.344,11018.0,0.378,0.237,4.2,tests performed,63.89,29136808.0,204.43,25.0,5.809,3.212,2442.804,15.0,260.797,7.26,9.5,37.8,47.782,0.3,70.78,0.574
2020-11-13,206353.0,2111.0,2495.714,1202.0,13.0,18.857,7082.21,72.451,85.655,41.254,0.446,0.647,0.85,,,,,,,,,9533.0,1593850.0,54.702,0.327,10930.0,0.375,0.228,4.4,tests performed,63.89,29136808.0,204.43,25.0,5.809,3.212,2442.804,15.0,260.797,7.26,9.5,37.8,47.782,0.3,70.78,0.574
2020-11-14,208299.0,1946.0,2380.429,1215.0,13.0,18.286,7148.999,66.788,81.698,41.7,0.446,0.628,0.83,,,,,,,,,8753.0,1602603.0,55.003,0.3,10691.0,0.367,0.223,4.5,tests performed,63.89,29136808.0,204.43,25.0,5.809,3.212,2442.804,15.0,260.797,7.26,9.5,37.8,47.782,0.3,70.78,0.574
2020-11-15,209776.0,1477.0,2189.0,1221.0,6.0,16.143,7199.691,50.692,75.128,41.906,0.206,0.554,0.83,,,,,,,,,6476.0,1609079.0,55.225,0.222,9857.0,0.338,0.222,4.5,tests performed,63.89,29136808.0,204.43,25.0,5.809,3.212,2442.804,15.0,260.797,7.26,9.5,37.8,47.782,0.3,70.78,0.574
2020-11-16,210973.0,1197.0,1992.714,1230.0,9.0,14.857,7240.773,41.082,68.392,42.215,0.309,0.51,0.82,,,,,,,,,4832.0,1613911.0,55.391,0.166,8951.0,0.307,0.223,4.5,tests performed,63.89,29136808.0,204.43,25.0,5.809,3.212,2442.804,15.0,260.797,7.26,9.5,37.8,47.782,0.3,70.78,0.574
2020-11-17,211475.0,502.0,1673.571,1247.0,17.0,14.143,7258.002,17.229,57.438,42.798,0.583,0.485,0.82,,,,,,,,,3112.0,1617023.0,55.498,0.107,7544.0,0.259,0.222,4.5,tests performed,63.89,29136808.0,204.43,25.0,5.809,3.212,2442.804,15.0,260.797,7.26,9.5,37.8,47.782,0.3,70.78,0.574
2020-11-18,212917.0,1442.0,1512.571,1259.0,12.0,12.143,7307.492,49.491,51.913,43.21,0.412,0.417,0.84,,,,,,,,,6731.0,1623754.0,55.729,0.231,7066.0,0.243,0.214,4.7,tests performed,63.89,29136808.0,204.43,25.0,5.809,3.212,2442.804,15.0,260.797,7.26,9.5,37.8,47.782,0.3,70.78,0.574
2020-11-19,215020.0,2103.0,1539.714,1276.0,17.0,12.429,7379.669,72.177,52.844,43.793,0.583,0.427,0.85,,,,,,,,,9805.0,1633559.0,56.065,0.337,7035.0,0.241,0.219,4.6,tests performed,63.89,29136808.0,204.43,25.0,5.809,3.212,2442.804,15.0,260.797,7.26,9.5,37.8,47.782,0.3,70.78,0.574
2020-11-20,216965.0,1945.0,1516.0,1298.0,22.0,13.714,7446.423,66.754,52.03,44.548,0.755,0.471,0.86,,,,,,,,,10340.0,1643899.0,56.42,0.355,7150.0,0.245,0.212,4.7,tests performed,63.89,29136808.0,204.43,25.0,5.809,3.212,2442.804,15.0,260.797,7.26,9.5,37.8,47.782,0.3,70.78,0.574
2020-11-21,218639.0,1674.0,1477.143,1305.0,7.0,12.857,7503.876,57.453,50.697,44.789,0.24,0.441,0.87,,,,,,,,,8144.0,1652043.0,56.7,0.28,7063.0,0.242,0.209,4.8,tests performed,63.89,29136808.0,204.43,25.0,5.809,3.212,2442.804,15.0,260.797,7.26,9.5,37.8,47.782,0.3,70.78,0.574
2020-11-22,220308.0,1669.0,1504.571,1321.0,16.0,14.286,7561.158,57.281,51.638,45.338,0.549,0.49,0.88,,,,,,,,,8032.0,1660075.0,56.975,0.276,7285.0,0.25,0.207,4.8,tests performed,63.89,29136808.0,204.43,25.0,5.809,3.212,2442.804,15.0,260.797,7.26,9.5,37.8,47.782,0.3,70.78,0.574
2020-11-23,222288.0,1980.0,1616.429,1337.0,16.0,15.286,7629.113,67.955,55.477,45.887,0.549,0.525,0.88,,,,,,,,,10381.0,1670456.0,57.331,0.356,8078.0,0.277,0.2,5.0,tests performed,63.89,29136808.0,204.43,25.0,5.809,3.212,2442.804,15.0,260.797,7.26,9.5,37.8,47.782,0.3,70.78,0.574
2020-11-24,224078.0,1790.0,1800.429,1361.0,24.0,16.286,7690.547,61.434,61.792,46.711,0.824,0.559,0.88,,,,,,,,,10843.0,1681299.0,57.704,0.372,9182.0,0.315,0.196,5.1,tests performed,60.19,29136808.0,204.43,25.0,5.809,3.212,2442.804,15.0,260.797,7.26,9.5,37.8,47.782,0.3,70.78,0.574
2020-11-25,226026.0,1948.0,1872.714,1389.0,28.0,18.571,7757.404,66.857,64.273,47.672,0.961,0.637,0.88,,,,,,,,,9210.0,1690509.0,58.02,0.316,9536.0,0.327,0.196,5.1,tests performed,60.19,29136808.0,204.43,25.0,5.809,3.212,2442.804,15.0,260.797,7.26,9.5,37.8,47.782,0.3,70.78,0.574
2020-11-26,227640.0,1614.0,1802.857,1412.0,23.0,19.429,7812.798,55.394,61.876,48.461,0.789,0.667,0.88,,,,,,,,,9491.0,1700000.0,58.345,0.326,9492.0,0.326,0.19,5.3,tests performed,60.19,29136808.0,204.43,25.0,5.809,3.212,2442.804,15.0,260.797,7.26,9.5,37.8,47.782,0.3,70.78,0.574
2020-11-27,229343.0,1703.0,1768.286,1435.0,23.0,19.571,7871.247,58.448,60.689,49.25,0.789,0.672,0.88,,,,,,,,,10460.0,1710460.0,58.704,0.359,9509.0,0.326,0.186,5.4,tests performed,60.19,29136808.0,204.43,25.0,5.809,3.212,2442.804,15.0,260.797,7.26,9.5,37.8,47.782,0.3,70.78,0.574
2020-11-28,230723.0,1380.0,1726.286,1454.0,19.0,21.286,7918.609,47.363,59.248,49.903,0.652,0.731,0.87,,,,,,,,,9368.0,1719828.0,59.026,0.322,9684.0,0.332,0.178,5.6,tests performed,60.19,29136808.0,204.43,25.0,5.809,3.212,2442.804,15.0,260.797,7.26,9.5,37.8,47.782,0.3,70.78,0.574
2020-11-29,231978.0,1255.0,1667.143,1479.0,25.0,22.571,7961.682,43.073,57.218,50.761,0.858,0.775,0.87,,,,,,,,,8008.0,1727836.0,59.301,0.275,9680.0,0.332,0.172,5.8,tests performed,60.19,29136808.0,204.43,25.0,5.809,3.212,2442.804,15.0,260.797,7.26,9.5,37.8,47.782,0.3,70.78,0.574
2020-11-30,233452.0,1474.0,1594.857,1508.0,29.0,24.429,8012.271,50.589,54.737,51.756,0.995,0.838,0.87,,,,,,,,,9911.0,1737747.0,59.641,0.34,9613.0,0.33,0.166,6.0,tests performed,60.19,29136808.0,204.43,25.0,5.809,3.212,2442.804,15.0,260.797,7.26,9.5,37.8,47.782,0.3,70.78,0.574
2020-12-01,233452.0,0.0,1339.143,1529.0,21.0,24.0,8012.271,0.0,45.961,52.477,0.721,0.824,0.87,,,,,,,,,8583.0,1746330.0,59.936,0.295,9290.0,0.319,0.144,6.9,tests performed,60.19,29136808.0,204.43,25.0,5.809,3.212,2442.804,15.0,260.797,7.26,9.5,37.8,47.782,0.3,70.78,0.574
2020-12-02,236246.0,2794.0,1460.0,1538.0,9.0,21.286,8108.163,95.892,50.108,52.785,0.309,0.731,0.9,,,,,,,,,8300.0,1754630.0,60.22,0.285,9160.0,0.314,0.159,6.3,tests performed,60.19,29136808.0,204.43,25.0,5.809,3.212,2442.804,15.0,260.797,7.26,9.5,37.8,47.782,0.3,70.78,0.574
2020-12-03,237589.0,1343.0,1421.286,1551.0,13.0,19.857,8154.256,46.093,48.78,53.232,0.446,0.682,0.89,,,,,,,,,9289.0,1763919.0,60.539,0.319,9131.0,0.313,0.156,6.4,tests performed,60.19,29136808.0,204.43,25.0,5.809,3.212,2442.804,15.0,260.797,7.26,9.5,37.8,47.782,0.3,70.78,0.574
2020-12-04,238861.0,1272.0,1359.714,1567.0,16.0,18.857,8197.912,43.656,46.667,53.781,0.549,0.647,0.89,,,,,,,,,8031.0,1771950.0,60.815,0.276,8784.0,0.301,0.155,6.5,tests performed,60.19,29136808.0,204.43,25.0,5.809,3.212,2442.804,15.0,260.797,7.26,9.5,37.8,47.782,0.3,70.78,0.574
2020-12-05,239885.0,1024.0,1308.857,1577.0,10.0,17.571,8233.057,35.145,44.921,54.124,0.343,0.603,,,,,,,,,,6074.0,1778024.0,61.023,0.208,8314.0,0.285,0.157,6.4,tests performed,60.19,29136808.0,204.43,25.0,5.809,3.212,2442.804,15.0,260.797,7.26,9.5,37.8,47.782,0.3,70.78,0.574
2020-12-06,240981.0,1096.0,1286.143,1594.0,17.0,16.429,8270.673,37.616,44.142,54.707,0.583,0.564,,,,,,,,,,6495.0,1784519.0,61.246,0.223,8098.0,0.278,0.159,6.3,tests performed,60.19,29136808.0,204.43,25.0,5.809,3.212,2442.804,15.0,260.797,7.26,9.5,37.8,47.782,0.3,70.78,0.574
2020-12-07,241995.0,1014.0,1220.429,1614.0,20.0,15.143,8305.474,34.801,41.886,55.394,0.686,0.52,,,,,,,,,,6220.0,1790739.0,61.46,0.213,7570.0,0.26,0.161,6.2,tests performed,60.19,29136808.0,204.43,25.0,5.809,3.212,2442.804,15.0,260.797,7.26,9.5,37.8,47.782,0.3,70.78,0.574
2020-12-08,243377.0,1382.0,1417.857,1637.0,23.0,15.429,8352.905,47.431,48.662,56.183,0.789,0.53,,,,,,,,,,8947.0,1799686.0,61.767,0.307,7622.0,0.262,0.186,5.4,tests performed,60.19,29136808.0,204.43,25.0,5.809,3.212,2442.804,15.0,260.797,7.26,9.5,37.8,47.782,0.3,70.78,0.574
2020-12-09,244433.0,1056.0,1169.571,1651.0,14.0,16.143,8389.148,36.243,40.141,56.664,0.48,0.554,,,,,,,,,,6286.0,1805972.0,61.982,0.216,7335.0,0.252,0.159,6.3,tests performed,60.19,29136808.0,204.43,25.0,5.809,3.212,2442.804,15.0,260.797,7.26,9.5,37.8,47.782,0.3,70.78,0.574
2020-12-10,245650.0,1217.0,1151.571,1663.0,12.0,16.0,8430.917,41.768,39.523,57.076,0.412,0.549,,,,,,,,,,7232.0,1813204.0,62.231,0.248,7041.0,0.242,0.164,6.1,tests performed,60.19,29136808.0,204.43,25.0,5.809,3.212,2442.804,15.0,260.797,7.26,9.5,37.8,47.782,0.3,70.78,0.574
2020-12-11,246694.0,1044.0,1119.0,1674.0,11.0,15.286,8466.748,35.831,38.405,57.453,0.378,0.525,,,,,,,,,,7414.0,1820618.0,62.485,0.254,6953.0,0.239,0.161,6.2,tests performed,60.19,29136808.0,204.43,25.0,5.809,3.212,2442.804,15.0,260.797,7.26,9.5,37.8,47.782,0.3,70.78,0.574
2020-12-12,247593.0,899.0,1101.143,1689.0,15.0,16.0,8497.602,30.854,37.792,57.968,0.515,0.549,,,,,,,,,,5242.0,1825860.0,62.665,0.18,6834.0,0.235,0.161,6.2,tests performed,60.19,29136808.0,204.43,25.0,5.809,3.212,2442.804,15.0,260.797,7.26,9.5,37.8,47.782,0.3,70.78,0.574
2020-12-13,248423.0,830.0,1063.143,1698.0,9.0,14.857,8526.088,28.486,36.488,58.277,0.309,0.51,,,,,,,,,,5181.0,1831041.0,62.843,0.178,6646.0,0.228,0.16,6.3,tests performed,60.19,29136808.0,204.43,25.0,5.809,3.212,2442.804,15.0,260.797,7.26,9.5,37.8,47.782,0.3,70.78,0.574
2020-12-14,249244.0,821.0,1035.571,1716.0,18.0,14.571,8554.266,28.177,35.542,58.895,0.618,0.5,,,,,,,,,,,,,,,,,,,,29136808.0,204.43,25.0,5.809,3.212,2442.804,15.0,260.797,7.26,9.5,37.8,47.782,0.3,70.78,0.574
